"order_id","customer_id","product_id","product_title","category","quantity","unit_price","gross_amount","discount_percentage","net_amount","order_gross_amount","order_net_amount","ingested_at","ingestion_date"
"1","1","113","Generic Motorcycle","motorcycle","3","3999.99","11999.97","12.1","10547.97","13037.88","11510.81","2026-09-04 16:43:41.501","2026-09-04"
"1","1","122","iPhone 6","smartphones","3","299.99","899.97","6.69","839.76","13037.88","11510.81","2026-09-04 16:43:41.501","2026-09-04"
"1","1","138","Baseball Ball","sports-accessories","2","8.99","17.98","1.71","17.67","13037.88","11510.81","2026-09-04 16:43:41.501","2026-09-04"
"1","1","162","Blue Frock","tops","4","29.99","119.96","12.13","105.41","13037.88","11510.81","2026-09-04 16:43:41.501","2026-09-04"
"2","2","86","Man Short Sleeve Shirt","mens-shirts","5","19.99","99.94999999999999","6.83","93.12","139.93","125.7","2026-09-04 16:43:41.501","2026-09-04"
"2","2","104","Apple iPhone Charger","mobile-accessories","2","19.99","39.98","18.52","32.58","139.93","125.7","2026-09-04 16:43:41.501","2026-09-04"
"3","3","8","Dior J'adore","fragrances","2","89.99","179.98","14.72","153.49","1794.85","1625.77","2026-09-04 16:43:41.501","2026-09-04"
"3","3","24","Fish Steak","groceries","1","14.99","14.99","4.23","14.36","1794.85","1625.77","2026-09-04 16:43:41.501","2026-09-04"
"3","3","86","Man Short Sleeve Shirt","mens-shirts","5","19.99","99.94999999999999","6.83","93.12","1794.85","1625.77","2026-09-04 16:43:41.501","2026-09-04"
"3","3","123","iPhone 13 Pro","smartphones","1","1099.99","1099.99","9.37","996.92","1794.85","1625.77","2026-09-04 16:43:41.501","2026-09-04"
"3","3","129","Realme X","smartphones","1","299.99","299.99","6.95","279.14","1794.85","1625.77","2026-09-04 16:43:41.501","2026-09-04"
"3","3","157","Party Glasses","sunglasses","5","19.99","99.94999999999999","11.22","88.74","1794.85","1625.77","2026-09-04 16:43:41.501","2026-09-04"
"4","4","8","Dior J'adore","fragrances","4","89.99","359.96","14.72","306.97","689.93","636.81","2026-09-04 16:43:41.501","2026-09-04"
"4","4","92","Sports Sneakers Off White Red","mens-shoes","3","109.99","329.96999999999997","0.04","329.84","689.93","636.81","2026-09-04 16:43:41.501","2026-09-04"
"5","5","3","Powder Canister","beauty","4","14.99","59.96","9.84","54.06","1467.88","1205.8","2026-09-04 16:43:41.501","2026-09-04"
"5","5","39","Soft Drinks","groceries","4","1.99","7.96","17.48","6.57","1467.88","1205.8","2026-09-04 16:43:41.501","2026-09-04"
"5","5","161","Samsung Galaxy Tab White","tablets","4","349.99","1399.96","18.2","1145.17","1467.88","1205.8","2026-09-04 16:43:41.501","2026-09-04"
"6","6","42","Water","groceries","4","0.99","3.96","14.92","3.37","55453.86","46641.06","2026-09-04 16:43:41.501","2026-09-04"
"6","6","130","Realme XT","smartphones","1","349.99","349.99","11.51","309.71","55453.86","46641.06","2026-09-04 16:43:41.501","2026-09-04"
"6","6","155","Classic Sun Glasses","sunglasses","4","24.99","99.96","4.94","95.02","55453.86","46641.06","2026-09-04 16:43:41.501","2026-09-04"
"6","6","192","Rolex Datejust Women","womens-watches","5","10999.99","54999.95","15.94","46232.96","55453.86","46641.06","2026-09-04 16:43:41.501","2026-09-04"
"7","7","9","Dolce Shine Eau de","fragrances","2","69.99","139.98","0.62","139.11","1229.86","1103.65","2026-09-04 16:43:41.501","2026-09-04"
"7","7","56","Electric Stove","kitchen-accessories","1","49.99","49.99","14.04","42.97","1229.86","1103.65","2026-09-04 16:43:41.501","2026-09-04"
"7","7","90","Puma Future Rider Trainers","mens-shoes","5","89.99","449.95","4.2","431.05","1229.86","1103.65","2026-09-04 16:43:41.501","2026-09-04"
"7","7","120","Vaseline Men Body and Face Lotion","skin-care","4","9.99","39.96","13.39","34.61","1229.86","1103.65","2026-09-04 16:43:41.501","2026-09-04"
"7","7","136","Vivo X21","smartphones","1","499.99","499.99","17.41","412.94","1229.86","1103.65","2026-09-04 16:43:41.501","2026-09-04"
"8","8","11","Annibale Colombo Bed","furniture","3","1899.99","5699.97","8.57","5211.48","6337.83","5771.32","2026-09-04 16:43:41.501","2026-09-04"
"8","8","18","Cat Food","groceries","2","8.99","17.98","9.58","16.26","6337.83","5771.32","2026-09-04 16:43:41.501","2026-09-04"
"8","8","50","Black Whisk","kitchen-accessories","3","9.99","29.97","10.24","26.9","6337.83","5771.32","2026-09-04 16:43:41.501","2026-09-04"
"8","8","106","Apple Watch Series 4 Gold","mobile-accessories","1","349.99","349.99","12.02","307.92","6337.83","5771.32","2026-09-04 16:43:41.501","2026-09-04"
"8","8","108","iPhone 12 Silicone Case with MagSafe Plum","mobile-accessories","4","29.99","119.96","13.85","103.35","6337.83","5771.32","2026-09-04 16:43:41.501","2026-09-04"
"8","8","162","Blue Frock","tops","4","29.99","119.96","12.13","105.41","6337.83","5771.32","2026-09-04 16:43:41.501","2026-09-04"
"9","9","1","Essence Mascara Lash Princess","beauty","3","9.99","29.97","10.48","26.83","29709.9","27993.46","2026-09-04 16:43:41.501","2026-09-04"
"9","9","90","Puma Future Rider Trainers","mens-shoes","2","89.99","179.98","4.2","172.42","29709.9","27993.46","2026-09-04 16:43:41.501","2026-09-04"
"9","9","98","Rolex Submariner Watch","mens-watches","2","13999.99","27999.98","5.05","26585.98","29709.9","27993.46","2026-09-04 16:43:41.501","2026-09-04"
"9","9","132","Samsung Galaxy S8","smartphones","3","499.99","1499.97","19.45","1208.23","29709.9","27993.46","2026-09-04 16:43:41.501","2026-09-04"
"10","10","41","Tissue Paper Box","groceries","1","2.49","2.49","13.28","2.16","152.44","131.34","2026-09-04 16:43:41.501","2026-09-04"
"10","10","108","iPhone 12 Silicone Case with MagSafe Plum","mobile-accessories","5","29.99","149.95","13.85","129.18","152.44","131.34","2026-09-04 16:43:41.501","2026-09-04"
"11","11","25","Green Bell Pepper","groceries","3","1.29","3.87","0.16","3.86","61831.75","57397.84","2026-09-04 16:43:41.501","2026-09-04"
"11","11","55","Egg Slicer","kitchen-accessories","4","6.99","27.96","14.76","23.83","61831.75","57397.84","2026-09-04 16:43:41.501","2026-09-04"
"11","11","101","Apple AirPods Max Silver","mobile-accessories","2","549.99","1099.98","13.67","949.61","61831.75","57397.84","2026-09-04 16:43:41.501","2026-09-04"
"11","11","115","MotoGP CI.H1","motorcycle","4","14999.99","59999.96","6.92","55847.96","61831.75","57397.84","2026-09-04 16:43:41.501","2026-09-04"
"11","11","161","Samsung Galaxy Tab White","tablets","2","349.99","699.98","18.2","572.58","61831.75","57397.84","2026-09-04 16:43:41.501","2026-09-04"
"12","12","8","Dior J'adore","fragrances","1","89.99","89.99","14.72","76.74","37767.32","35410.79","2026-09-04 16:43:41.501","2026-09-04"
"12","12","14","Knoll Saarinen Executive Conference Chair","furniture","4","499.99","1999.96","2.01","1959.76","37767.32","35410.79","2026-09-04 16:43:41.501","2026-09-04"
"12","12","28","Ice Cream","groceries","5","5.49","27.450000000000003","8.69","25.06","37767.32","35410.79","2026-09-04 16:43:41.501","2026-09-04"
"12","12","98","Rolex Submariner Watch","mens-watches","2","13999.99","27999.98","5.05","26585.98","37767.32","35410.79","2026-09-04 16:43:41.501","2026-09-04"
"12","12","117","Sportbike Motorcycle","motorcycle","1","7499.99","7499.99","11.58","6631.49","37767.32","35410.79","2026-09-04 16:43:41.501","2026-09-04"
"12","12","162","Blue Frock","tops","5","29.99","149.95","12.13","131.76","37767.32","35410.79","2026-09-04 16:43:41.501","2026-09-04"
"13","13","23","Eggs","groceries","4","2.99","11.96","11.05","10.64","16.54","14.97","2026-09-04 16:43:41.501","2026-09-04"
"13","13","35","Potatoes","groceries","2","2.29","4.58","5.38","4.33","16.54","14.97","2026-09-04 16:43:41.501","2026-09-04"
"14","14","44","Family Tree Photo Frame","home-decoration","4","29.99","119.96","14.87","102.12","209.9","184.59","2026-09-04 16:43:41.501","2026-09-04"
"14","14","65","Lunch Box","kitchen-accessories","5","12.99","64.95","10.34","58.23","209.9","184.59","2026-09-04 16:43:41.501","2026-09-04"
"14","14","68","Pan","kitchen-accessories","1","24.99","24.99","3.0","24.24","209.9","184.59","2026-09-04 16:43:41.501","2026-09-04"
"15","15","61","Hand Blender","kitchen-accessories","2","34.99","69.98","17.02","58.07","249.95","214.68","2026-09-04 16:43:41.501","2026-09-04"
"15","15","105","Apple MagSafe Battery Pack","mobile-accessories","1","99.99","99.99","17.17","82.82","249.95","214.68","2026-09-04 16:43:41.501","2026-09-04"
"15","15","141","Basketball Rim","sports-accessories","2","39.99","79.98","7.74","73.79","249.95","214.68","2026-09-04 16:43:41.501","2026-09-04"
"16","16","20","Cooking Oil","groceries","5","4.99","24.950000000000003","9.33","22.62","384.92","364.7","2026-09-04 16:43:41.501","2026-09-04"
"16","16","91","Sports Sneakers Off White & Red","mens-shoes","3","119.99","359.96999999999997","4.97","342.08","384.92","364.7","2026-09-04 16:43:41.501","2026-09-04"
"17","17","25","Green Bell Pepper","groceries","5","1.29","6.45","0.16","6.44","5531.34","5014.94","2026-09-04 16:43:41.501","2026-09-04"
"17","17","26","Green Chili Pepper","groceries","5","0.99","4.95","1.0","4.9","5531.34","5014.94","2026-09-04 16:43:41.501","2026-09-04"
"17","17","123","iPhone 13 Pro","smartphones","5","1099.99","5499.95","9.37","4984.6","5531.34","5014.94","2026-09-04 16:43:41.501","2026-09-04"
"17","17","137","American Football","sports-accessories","1","19.99","19.99","4.93","19.0","5531.34","5014.94","2026-09-04 16:43:41.501","2026-09-04"
"18","18","169","Dodge Hornet GT Plus","vehicle","5","24999.99","124999.95000000001","2.63","121712.45","128999.9","124978.81","2026-09-04 16:43:41.501","2026-09-04"
"18","18","193","Watch Gold for Women","womens-watches","5","799.99","3999.95","18.34","3266.36","128999.9","124978.81","2026-09-04 16:43:41.501","2026-09-04"
"19","19","22","Dog Food","groceries","3","10.99","32.97","10.27","29.58","22142.88","21308.13","2026-09-04 16:43:41.501","2026-09-04"
"19","19","56","Electric Stove","kitchen-accessories","1","49.99","49.99","14.04","42.97","22142.88","21308.13","2026-09-04 16:43:41.501","2026-09-04"
"19","19","69","Plate","kitchen-accessories","5","3.99","19.950000000000003","7.31","18.49","22142.88","21308.13","2026-09-04 16:43:41.501","2026-09-04"
"19","19","71","Silver Pot With Glass Cap","kitchen-accessories","1","39.99","39.99","5.7","37.71","22142.88","21308.13","2026-09-04 16:43:41.501","2026-09-04"
"19","19","97","Rolex Datejust","mens-watches","2","10999.99","21999.98","3.73","21179.38","22142.88","21308.13","2026-09-04 16:43:41.501","2026-09-04"
"20","20","36","Protein Powder","groceries","3","19.99","59.97","7.59","55.42","4711.88","4251.41","2026-09-04 16:43:41.501","2026-09-04"
"20","20","89","Nike Baseball Cleats","mens-shoes","3","79.99","239.96999999999997","18.04","196.68","4711.88","4251.41","2026-09-04 16:43:41.501","2026-09-04"
"20","20","123","iPhone 13 Pro","smartphones","4","1099.99","4399.96","9.37","3987.68","4711.88","4251.41","2026-09-04 16:43:41.501","2026-09-04"
"20","20","146","Feather Shuttlecock","sports-accessories","2","5.99","11.98","2.95","11.63","4711.88","4251.41","2026-09-04 16:43:41.501","2026-09-04"
"21","21","79","Asus Zenbook Pro Dual Screen Laptop","laptops","1","1799.99","1799.99","11.14","1599.47","12939.94","10966.03","2026-09-04 16:43:41.501","2026-09-04"
"21","21","164","Gray Dress","tops","4","34.99","139.96","14.28","119.97","12939.94","10966.03","2026-09-04 16:43:41.501","2026-09-04"
"21","21","192","Rolex Datejust Women","womens-watches","1","10999.99","10999.99","15.94","9246.59","12939.94","10966.03","2026-09-04 16:43:41.501","2026-09-04"
"22","22","16","Apple","groceries","4","1.99","7.96","12.62","6.96","307.92","296.47","2026-09-04 16:43:41.501","2026-09-04"
"22","22","92","Sports Sneakers Off White Red","mens-shoes","2","109.99","219.98","0.04","219.89","307.92","296.47","2026-09-04 16:43:41.501","2026-09-04"
"22","22","166","Tartan Dress","tops","2","39.99","79.98","12.95","69.62","307.92","296.47","2026-09-04 16:43:41.501","2026-09-04"
"23","23","127","Oppo K1","smartphones","5","299.99","1499.95","18.29","1225.61","2499.91","2123.87","2026-09-04 16:43:41.501","2026-09-04"
"23","23","134","Vivo S1","smartphones","4","249.99","999.96","10.17","898.26","2499.91","2123.87","2026-09-04 16:43:41.501","2026-09-04"
"24","24","117","Sportbike Motorcycle","motorcycle","4","7499.99","29999.96","11.58","26525.96","30299.94","26780.04","2026-09-04 16:43:41.501","2026-09-04"
"24","24","128","Realme C35","smartphones","2","149.99","299.98","15.3","254.08","30299.94","26780.04","2026-09-04 16:43:41.501","2026-09-04"
"25","25","32","Milk","groceries","2","3.49","6.98","13.74","6.02","1228.35","1070.83","2026-09-04 16:43:41.501","2026-09-04"
"25","25","35","Potatoes","groceries","5","2.29","11.45","5.38","10.83","1228.35","1070.83","2026-09-04 16:43:41.501","2026-09-04"
"25","25","103","Apple HomePod Mini Cosmic Grey","mobile-accessories","1","99.99","99.99","18.1","81.89","1228.35","1070.83","2026-09-04 16:43:41.501","2026-09-04"
"25","25","106","Apple Watch Series 4 Gold","mobile-accessories","3","349.99","1049.97","12.02","923.76","1228.35","1070.83","2026-09-04 16:43:41.501","2026-09-04"
"25","25","110","Selfie Lamp with iPhone","mobile-accessories","4","14.99","59.96","19.4","48.33","1228.35","1070.83","2026-09-04 16:43:41.501","2026-09-04"
"26","26","63","Kitchen Sieve","kitchen-accessories","4","7.99","31.96","18.91","25.92","1111.84","1021.64","2026-09-04 16:43:41.501","2026-09-04"
"26","26","108","iPhone 12 Silicone Case with MagSafe Plum","mobile-accessories","4","29.99","119.96","13.85","103.35","1111.84","1021.64","2026-09-04 16:43:41.501","2026-09-04"
"26","26","122","iPhone 6","smartphones","3","299.99","899.97","6.69","839.76","1111.84","1021.64","2026-09-04 16:43:41.501","2026-09-04"
"26","26","153","Volleyball","sports-accessories","5","11.99","59.95","12.25","52.61","1111.84","1021.64","2026-09-04 16:43:41.501","2026-09-04"
"27","27","20","Cooking Oil","groceries","3","4.99","14.97","9.33","13.57","111014.85","100496.36","2026-09-04 16:43:41.501","2026-09-04"
"27","27","97","Rolex Datejust","mens-watches","5","10999.99","54999.95","3.73","52948.45","111014.85","100496.36","2026-09-04 16:43:41.501","2026-09-04"
"27","27","113","Generic Motorcycle","motorcycle","3","3999.99","11999.97","12.1","10547.97","111014.85","100496.36","2026-09-04 16:43:41.501","2026-09-04"
"27","27","192","Rolex Datejust Women","womens-watches","4","10999.99","43999.96","15.94","36986.37","111014.85","100496.36","2026-09-04 16:43:41.501","2026-09-04"
"28","28","46","Plant Pot","home-decoration","3","14.99","44.97","6.84","41.89","5944.77","5531.37","2026-09-04 16:43:41.501","2026-09-04"
"28","28","64","Knife","kitchen-accessories","2","14.99","29.98","18.86","24.33","5944.77","5531.37","2026-09-04 16:43:41.501","2026-09-04"
"28","28","81","Lenovo Yoga 920","laptops","5","1099.99","5499.95","6.55","5139.7","5944.77","5531.37","2026-09-04 16:43:41.501","2026-09-04"
"28","28","175","White Faux Leather Backpack","womens-bags","3","39.99","119.97","15.2","101.73","5944.77","5531.37","2026-09-04 16:43:41.501","2026-09-04"
"28","28","182","Green Crystal Earring","womens-jewellery","5","29.99","149.95","15.24","127.1","5944.77","5531.37","2026-09-04 16:43:41.501","2026-09-04"
"28","28","185","Black & Brown Slipper","womens-shoes","5","19.99","99.94999999999999","3.33","96.62","5944.77","5531.37","2026-09-04 16:43:41.501","2026-09-04"
"29","29","48","Bamboo Spatula","kitchen-accessories","5","7.99","39.95","2.84","38.82","2359.84","2077.88","2026-09-04 16:43:41.501","2026-09-04"
"29","29","102","Apple Airpower Wireless Charger","mobile-accessories","5","79.99","399.95","4.48","382.03","2359.84","2077.88","2026-09-04 16:43:41.501","2026-09-04"
"29","29","141","Basketball Rim","sports-accessories","3","39.99","119.97","7.74","110.68","2359.84","2077.88","2026-09-04 16:43:41.501","2026-09-04"
"29","29","174","Prada Women Bag","womens-bags","3","599.99","1799.97","14.09","1546.35","2359.84","2077.88","2026-09-04 16:43:41.501","2026-09-04"
"30","30","3","Powder Canister","beauty","5","14.99","74.95","9.84","67.57","186110.85","155507.16","2026-09-04 16:43:41.501","2026-09-04"
"30","30","77","Yellow Peeler","kitchen-accessories","1","5.99","5.99","12.48","5.24","186110.85","155507.16","2026-09-04 16:43:41.501","2026-09-04"
"30","30","126","Oppo F19 Pro Plus","smartphones","1","399.99","399.99","18.64","325.43","186110.85","155507.16","2026-09-04 16:43:41.501","2026-09-04"
"30","30","135","Vivo V9","smartphones","2","299.99","599.98","17.67","493.96","186110.85","155507.16","2026-09-04 16:43:41.501","2026-09-04"
"30","30","143","Cricket Bat","sports-accessories","1","29.99","29.99","3.29","29.0","186110.85","155507.16","2026-09-04 16:43:41.501","2026-09-04"
"30","30","170","Durango SXT RWD","vehicle","5","36999.99","184999.94999999998","16.44","154585.96","186110.85","155507.16","2026-09-04 16:43:41.501","2026-09-04"
"31","31","2","Eyeshadow Palette with Mirror","beauty","2","19.99","39.98","18.19","32.71","1268.88","1111.0","2026-09-04 16:43:41.501","2026-09-04"
"31","31","16","Apple","groceries","1","1.99","1.99","12.62","1.74","1268.88","1111.0","2026-09-04 16:43:41.501","2026-09-04"
"31","31","54","Citrus Squeezer Yellow","kitchen-accessories","3","8.99","26.97","12.1","23.71","1268.88","1111.0","2026-09-04 16:43:41.501","2026-09-04"
"31","31","106","Apple Watch Series 4 Gold","mobile-accessories","3","349.99","1049.97","12.02","923.76","1268.88","1111.0","2026-09-04 16:43:41.501","2026-09-04"
"31","31","187","Golden Shoes Woman","womens-shoes","3","49.99","149.97","13.93","129.08","1268.88","1111.0","2026-09-04 16:43:41.501","2026-09-04"
"32","32","21","Cucumber","groceries","5","1.49","7.45","0.16","7.44","187.44","153.2","2026-09-04 16:43:41.501","2026-09-04"
"32","32","181","Marni Red & Black Suit","womens-dresses","1","179.99","179.99","19.02","145.76","187.44","153.2","2026-09-04 16:43:41.501","2026-09-04"
"33","33","14","Knoll Saarinen Executive Conference Chair","furniture","5","499.99","2499.95","2.01","2449.7","129057.77","125461.58","2026-09-04 16:43:41.501","2026-09-04"
"33","33","38","Rice","groceries","3","5.99","17.97","9.29","16.3","129057.77","125461.58","2026-09-04 16:43:41.501","2026-09-04"
"33","33","43","Decoration Swing","home-decoration","5","59.99","299.95","10.41","268.73","129057.77","125461.58","2026-09-04 16:43:41.501","2026-09-04"
"33","33","127","Oppo K1","smartphones","4","299.99","1199.96","18.29","980.49","129057.77","125461.58","2026-09-04 16:43:41.501","2026-09-04"
"33","33","169","Dodge Hornet GT Plus","vehicle","5","24999.99","124999.95000000001","2.63","121712.45","129057.77","125461.58","2026-09-04 16:43:41.501","2026-09-04"
"33","33","175","White Faux Leather Backpack","womens-bags","1","39.99","39.99","15.2","33.91","129057.77","125461.58","2026-09-04 16:43:41.501","2026-09-04"
"34","34","100","Apple Airpods","mobile-accessories","3","129.99","389.97","15.54","329.37","1479.92","1240.78","2026-09-04 16:43:41.501","2026-09-04"
"34","34","136","Vivo X21","smartphones","2","499.99","999.98","17.41","825.88","1479.92","1240.78","2026-09-04 16:43:41.501","2026-09-04"
"34","34","154","Black Sun Glasses","sunglasses","3","29.99","89.97","4.94","85.53","1479.92","1240.78","2026-09-04 16:43:41.501","2026-09-04"
"35","35","38","Rice","groceries","3","5.99","17.97","9.29","16.3","618.86","507.21","2026-09-04 16:43:41.501","2026-09-04"
"35","35","54","Citrus Squeezer Yellow","kitchen-accessories","1","8.99","8.99","12.1","7.9","618.86","507.21","2026-09-04 16:43:41.501","2026-09-04"
"35","35","55","Egg Slicer","kitchen-accessories","4","6.99","27.96","14.76","23.83","618.86","507.21","2026-09-04 16:43:41.501","2026-09-04"
"35","35","67","Mug Tree Stand","kitchen-accessories","1","15.99","15.99","9.25","14.51","618.86","507.21","2026-09-04 16:43:41.501","2026-09-04"
"35","35","69","Plate","kitchen-accessories","2","3.99","7.98","7.31","7.4","618.86","507.21","2026-09-04 16:43:41.501","2026-09-04"
"35","35","181","Marni Red & Black Suit","womens-dresses","3","179.99","539.97","19.02","437.27","618.86","507.21","2026-09-04 16:43:41.501","2026-09-04"
"36","36","3","Powder Canister","beauty","3","14.99","44.97","9.84","40.54","98.91","89.37","2026-09-04 16:43:41.501","2026-09-04"
"36","36","72","Slotted Turner","kitchen-accessories","4","8.99","35.96","13.35","31.16","98.91","89.37","2026-09-04 16:43:41.501","2026-09-04"
"36","36","138","Baseball Ball","sports-accessories","2","8.99","17.98","1.71","17.67","98.91","89.37","2026-09-04 16:43:41.501","2026-09-04"
"37","37","41","Tissue Paper Box","groceries","4","2.49","9.96","13.28","8.64","129.93","119.32","2026-09-04 16:43:41.501","2026-09-04"
"37","37","141","Basketball Rim","sports-accessories","3","39.99","119.97","7.74","110.68","129.93","119.32","2026-09-04 16:43:41.501","2026-09-04"
"38","38","110","Selfie Lamp with iPhone","mobile-accessories","2","14.99","29.98","19.4","24.16","409.95","334.61","2026-09-04 16:43:41.501","2026-09-04"
"38","38","161","Samsung Galaxy Tab White","tablets","1","349.99","349.99","18.2","286.29","409.95","334.61","2026-09-04 16:43:41.501","2026-09-04"
"39","39","148","Golf Ball","sports-accessories","2","9.99","19.98","17.37","16.51","279.96","249.24","2026-09-04 16:43:41.501","2026-09-04"
"39","39","177","Black Women's Gown","womens-dresses","2","129.99","259.98","10.48","232.73","279.96","249.24","2026-09-04 16:43:41.501","2026-09-04"
"40","40","6","Calvin Klein CK One","fragrances","3","49.99","149.97","1.89","147.14","263.9","253.64","2026-09-04 16:43:41.501","2026-09-04"
"40","40","77","Yellow Peeler","kitchen-accessories","4","5.99","23.96","12.48","20.97","263.9","253.64","2026-09-04 16:43:41.501","2026-09-04"
"40","40","154","Black Sun Glasses","sunglasses","3","29.99","89.97","4.94","85.53","263.9","253.64","2026-09-04 16:43:41.501","2026-09-04"
"41","41","7","Chanel Coco Noir Eau De","fragrances","4","129.99","519.96","16.51","434.11","49649.82","46340.09","2026-09-04 16:43:41.501","2026-09-04"
"41","41","38","Rice","groceries","5","5.99","29.950000000000003","9.29","27.17","49649.82","46340.09","2026-09-04 16:43:41.501","2026-09-04"
"41","41","95","Rolex Cellini Date Black Dial","mens-watches","3","8999.99","26999.97","8.88","24602.37","49649.82","46340.09","2026-09-04 16:43:41.501","2026-09-04"
"41","41","97","Rolex Datejust","mens-watches","2","10999.99","21999.98","3.73","21179.38","49649.82","46340.09","2026-09-04 16:43:41.501","2026-09-04"
"41","41","139","Baseball Glove","sports-accessories","4","24.99","99.96","2.9","97.06","49649.82","46340.09","2026-09-04 16:43:41.501","2026-09-04"
"42","42","7","Chanel Coco Noir Eau De","fragrances","2","129.99","259.98","16.51","217.06","626.84","531.17","2026-09-04 16:43:41.501","2026-09-04"
"42","42","17","Beef Steak","groceries","4","12.99","51.96","9.61","46.97","626.84","531.17","2026-09-04 16:43:41.501","2026-09-04"
"42","42","148","Golf Ball","sports-accessories","5","9.99","49.95","17.37","41.27","626.84","531.17","2026-09-04 16:43:41.501","2026-09-04"
"42","42","164","Gray Dress","tops","3","34.99","104.97","14.28","89.98","626.84","531.17","2026-09-04 16:43:41.501","2026-09-04"
"42","42","179","Corset With Black Skirt","womens-dresses","2","79.99","159.98","15.06","135.89","626.84","531.17","2026-09-04 16:43:41.501","2026-09-04"
"43","43","13","Bedside Table African Cherry","furniture","2","299.99","599.98","19.09","485.44","1689.88","1521.19","2026-09-04 16:43:41.501","2026-09-04"
"43","43","61","Hand Blender","kitchen-accessories","2","34.99","69.98","17.02","58.07","1689.88","1521.19","2026-09-04 16:43:41.501","2026-09-04"
"43","43","88","Nike Air Jordan 1 Red And Black","mens-shoes","5","149.99","749.95","4.12","719.05","1689.88","1521.19","2026-09-04 16:43:41.501","2026-09-04"
"43","43","90","Puma Future Rider Trainers","mens-shoes","3","89.99","269.96999999999997","4.2","258.63","1689.88","1521.19","2026-09-04 16:43:41.501","2026-09-04"
"44","44","22","Dog Food","groceries","1","10.99","10.99","10.27","9.86","47055.84","43550.16","2026-09-04 16:43:41.501","2026-09-04"
"44","44","40","Strawberry","groceries","3","3.99","11.97","1.12","11.84","47055.84","43550.16","2026-09-04 16:43:41.501","2026-09-04"
"44","44","74","Spoon","kitchen-accessories","4","4.99","19.96","1.53","19.65","47055.84","43550.16","2026-09-04 16:43:41.501","2026-09-04"
"44","44","115","MotoGP CI.H1","motorcycle","3","14999.99","44999.97","6.92","41885.97","47055.84","43550.16","2026-09-04 16:43:41.501","2026-09-04"
"44","44","132","Samsung Galaxy S8","smartphones","4","499.99","1999.96","19.45","1610.97","47055.84","43550.16","2026-09-04 16:43:41.501","2026-09-04"
"44","44","142","Cricket Ball","sports-accessories","1","12.99","12.99","8.63","11.87","47055.84","43550.16","2026-09-04 16:43:41.501","2026-09-04"
"45","45","29","Juice","groceries","3","3.99","11.97","12.06","10.53","132262.29","121385.95","2026-09-04 16:43:41.501","2026-09-04"
"45","45","30","Kiwi","groceries","3","2.49","7.470000000000001","15.22","6.33","132262.29","121385.95","2026-09-04 16:43:41.501","2026-09-04"
"45","45","72","Slotted Turner","kitchen-accessories","2","8.99","17.98","13.35","15.58","132262.29","121385.95","2026-09-04 16:43:41.501","2026-09-04"
"45","45","75","Tray","kitchen-accessories","5","16.99","84.94999999999999","7.48","78.6","132262.29","121385.95","2026-09-04 16:43:41.501","2026-09-04"
"45","45","156","Green and Black Glasses","sunglasses","4","34.99","139.96","1.01","138.55","132262.29","121385.95","2026-09-04 16:43:41.501","2026-09-04"
"45","45","168","Charger SXT RWD","vehicle","4","32999.99","131999.96","8.23","121136.36","132262.29","121385.95","2026-09-04 16:43:41.501","2026-09-04"
"46","46","14","Knoll Saarinen Executive Conference Chair","furniture","4","499.99","1999.96","2.01","1959.76","67607.33","56101.67","2026-09-04 16:43:41.501","2026-09-04"
"46","46","21","Cucumber","groceries","5","1.49","7.45","0.16","7.44","67607.33","56101.67","2026-09-04 16:43:41.501","2026-09-04"
"46","46","96","Rolex Cellini Moonphase","mens-watches","5","12999.99","64999.95","17.52","53611.96","67607.33","56101.67","2026-09-04 16:43:41.501","2026-09-04"
"46","46","121","iPhone 5s","smartphones","3","199.99","599.97","12.91","522.51","67607.33","56101.67","2026-09-04 16:43:41.501","2026-09-04"
"47","47","6","Calvin Klein CK One","fragrances","3","49.99","149.97","1.89","147.14","50539.87","49199.91","2026-09-04 16:43:41.501","2026-09-04"
"47","47","46","Plant Pot","home-decoration","2","14.99","29.98","6.84","27.93","50539.87","49199.91","2026-09-04 16:43:41.501","2026-09-04"
"47","47","92","Sports Sneakers Off White Red","mens-shoes","2","109.99","219.98","0.04","219.89","50539.87","49199.91","2026-09-04 16:43:41.501","2026-09-04"
"47","47","164","Gray Dress","tops","4","34.99","139.96","14.28","119.97","50539.87","49199.91","2026-09-04 16:43:41.501","2026-09-04"
"47","47","169","Dodge Hornet GT Plus","vehicle","2","24999.99","49999.98","2.63","48684.98","50539.87","49199.91","2026-09-04 16:43:41.501","2026-09-04"
"48","48","18","Cat Food","groceries","4","8.99","35.96","9.58","32.52","110.91","101.89","2026-09-04 16:43:41.501","2026-09-04"
"48","48","140","Basketball","sports-accessories","5","14.99","74.95","7.44","69.37","110.91","101.89","2026-09-04 16:43:41.501","2026-09-04"
"49","49","15","Wooden Bathroom Sink With Mirror","furniture","5","799.99","3999.95","8.8","3647.95","4208.81","3843.75","2026-09-04 16:43:41.501","2026-09-04"
"49","49","18","Cat Food","groceries","2","8.99","17.98","9.58","16.26","4208.81","3843.75","2026-09-04 16:43:41.501","2026-09-04"
"49","49","111","Selfie Stick Monopod","mobile-accessories","2","12.99","25.98","19.12","21.01","4208.81","3843.75","2026-09-04 16:43:41.501","2026-09-04"
"49","49","142","Cricket Ball","sports-accessories","5","12.99","64.95","8.63","59.34","4208.81","3843.75","2026-09-04 16:43:41.501","2026-09-04"
"49","49","184","Tropical Earring","womens-jewellery","5","19.99","99.94999999999999","0.76","99.19","4208.81","3843.75","2026-09-04 16:43:41.501","2026-09-04"
"50","50","8","Dior J'adore","fragrances","1","89.99","89.99","14.72","76.74","13144.93","10852.12","2026-09-04 16:43:41.501","2026-09-04"
"50","50","60","Grater Black","kitchen-accessories","5","10.99","54.95","3.56","52.99","13144.93","10852.12","2026-09-04 16:43:41.501","2026-09-04"
"50","50","96","Rolex Cellini Moonphase","mens-watches","1","12999.99","12999.99","17.52","10722.39","13144.93","10852.12","2026-09-04 16:43:41.501","2026-09-04"
"51","51","73","Spice Rack","kitchen-accessories","1","19.99","19.99","12.09","17.57","36519.9","32961.03","2026-09-04 16:43:41.501","2026-09-04"
"51","51","96","Rolex Cellini Moonphase","mens-watches","1","12999.99","12999.99","17.52","10722.39","36519.9","32961.03","2026-09-04 16:43:41.501","2026-09-04"
"51","51","98","Rolex Submariner Watch","mens-watches","1","13999.99","13999.99","5.05","13292.99","36519.9","32961.03","2026-09-04 16:43:41.501","2026-09-04"
"51","51","116","Scooter Motorcycle","motorcycle","2","2999.99","5999.98","6.27","5623.78","36519.9","32961.03","2026-09-04 16:43:41.501","2026-09-04"
"51","51","133","Samsung Galaxy S10","smartphones","5","699.99","3499.95","5.59","3304.3","36519.9","32961.03","2026-09-04 16:43:41.501","2026-09-04"
"52","52","4","Red Lipstick","beauty","1","12.99","12.99","12.16","11.41","134382.82","130175.28","2026-09-04 16:43:41.501","2026-09-04"
"52","52","77","Yellow Peeler","kitchen-accessories","5","5.99","29.950000000000003","12.48","26.21","134382.82","130175.28","2026-09-04 16:43:41.501","2026-09-04"
"52","52","114","Kawasaki Z800","motorcycle","1","8999.99","8999.99","9.77","8120.69","134382.82","130175.28","2026-09-04 16:43:41.501","2026-09-04"
"52","52","169","Dodge Hornet GT Plus","vehicle","5","24999.99","124999.95000000001","2.63","121712.45","134382.82","130175.28","2026-09-04 16:43:41.501","2026-09-04"
"52","52","185","Black & Brown Slipper","womens-shoes","4","19.99","79.96","3.33","77.3","134382.82","130175.28","2026-09-04 16:43:41.501","2026-09-04"
"52","52","194","Women's Wrist Watch","womens-watches","2","129.99","259.98","12.6","227.22","134382.82","130175.28","2026-09-04 16:43:41.501","2026-09-04"
"53","53","159","iPad Mini 2021 Starlight","tablets","2","499.99","999.98","3.64","963.58","1079.94","1028.19","2026-09-04 16:43:41.501","2026-09-04"
"53","53","163","Girl Summer Dress","tops","4","19.99","79.96","19.2","64.61","1079.94","1028.19","2026-09-04 16:43:41.501","2026-09-04"
"54","54","12","Annibale Colombo Sofa","furniture","2","2499.99","4999.98","14.4","4279.98","10999.95","9998.55","2026-09-04 16:43:41.501","2026-09-04"
"54","54","78","Apple MacBook Pro 14 Inch Space Grey","laptops","3","1999.99","5999.97","4.69","5718.57","10999.95","9998.55","2026-09-04 16:43:41.501","2026-09-04"
"55","55","49","Black Aluminium Cup","kitchen-accessories","3","5.99","17.97","15.65","15.16","42.96","39.92","2026-09-04 16:43:41.501","2026-09-04"
"55","55","84","Gigabyte Aorus Men Tshirt","mens-shirts","1","24.99","24.99","0.94","24.76","42.96","39.92","2026-09-04 16:43:41.501","2026-09-04"
"56","56","60","Grater Black","kitchen-accessories","2","10.99","21.98","3.56","21.2","121.97","109.12","2026-09-04 16:43:41.501","2026-09-04"
"56","56","99","Amazon Echo Plus","mobile-accessories","1","99.99","99.99","12.07","87.92","121.97","109.12","2026-09-04 16:43:41.501","2026-09-04"
"57","57","88","Nike Air Jordan 1 Red And Black","mens-shoes","5","149.99","749.95","4.12","719.05","1269.91","1158.21","2026-09-04 16:43:41.501","2026-09-04"
"57","57","100","Apple Airpods","mobile-accessories","4","129.99","519.96","15.54","439.16","1269.91","1158.21","2026-09-04 16:43:41.501","2026-09-04"
"58","58","142","Cricket Ball","sports-accessories","1","12.99","12.99","8.63","11.87","1212.97","1042.77","2026-09-04 16:43:41.501","2026-09-04"
"58","58","174","Prada Women Bag","womens-bags","2","599.99","1199.98","14.09","1030.9","1212.97","1042.77","2026-09-04 16:43:41.501","2026-09-04"
"59","59","145","Cricket Wicket","sports-accessories","1","29.99","29.99","16.93","24.91","74029.97","61859.29","2026-09-04 16:43:41.501","2026-09-04"
"59","59","170","Durango SXT RWD","vehicle","2","36999.99","73999.98","16.44","61834.38","74029.97","61859.29","2026-09-04 16:43:41.501","2026-09-04"
"60","60","82","New DELL XPS 13 9300 Laptop","laptops","5","1499.99","7499.95","11.89","6608.21","7649.92","6748.39","2026-09-04 16:43:41.501","2026-09-04"
"60","60","149","Iron Golf","sports-accessories","3","49.99","149.97","6.53","140.18","7649.92","6748.39","2026-09-04 16:43:41.501","2026-09-04"
"61","61","42","Water","groceries","1","0.99","0.99","14.92","0.84","642.86","571.58","2026-09-04 16:43:41.501","2026-09-04"
"61","61","66","Microwave Oven","kitchen-accessories","4","89.99","359.96","12.13","316.3","642.86","571.58","2026-09-04 16:43:41.501","2026-09-04"
"61","61","107","Beats Flex Wireless Earphones","mobile-accessories","3","49.99","149.97","5.73","141.38","642.86","571.58","2026-09-04 16:43:41.501","2026-09-04"
"61","61","119","Olay Ultra Moisture Shea Butter Body Wash","skin-care","4","12.99","51.96","16.39","43.44","642.86","571.58","2026-09-04 16:43:41.501","2026-09-04"
"61","61","166","Tartan Dress","tops","2","39.99","79.98","12.95","69.62","642.86","571.58","2026-09-04 16:43:41.501","2026-09-04"
"62","62","53","Chopping Board","kitchen-accessories","4","12.99","51.96","8.03","47.79","2851.92","2691.23","2026-09-04 16:43:41.501","2026-09-04"
"62","62","133","Samsung Galaxy S10","smartphones","4","699.99","2799.96","5.59","2643.44","2851.92","2691.23","2026-09-04 16:43:41.501","2026-09-04"
"63","63","19","Chicken Meat","groceries","4","9.99","39.96","13.7","34.49","511.92","460.04","2026-09-04 16:43:41.501","2026-09-04"
"63","63","129","Realme X","smartphones","1","299.99","299.99","6.95","279.14","511.92","460.04","2026-09-04 16:43:41.501","2026-09-04"
"63","63","153","Volleyball","sports-accessories","1","11.99","11.99","12.25","10.52","511.92","460.04","2026-09-04 16:43:41.501","2026-09-04"
"63","63","179","Corset With Black Skirt","womens-dresses","2","79.99","159.98","15.06","135.89","511.92","460.04","2026-09-04 16:43:41.501","2026-09-04"
"64","64","9","Dolce Shine Eau de","fragrances","5","69.99","349.95","0.62","347.78","6032.81","5389.02","2026-09-04 16:43:41.501","2026-09-04"
"64","64","21","Cucumber","groceries","2","1.49","2.98","0.16","2.98","6032.81","5389.02","2026-09-04 16:43:41.501","2026-09-04"
"64","64","73","Spice Rack","kitchen-accessories","4","19.99","79.96","12.09","70.29","6032.81","5389.02","2026-09-04 16:43:41.501","2026-09-04"
"64","64","79","Asus Zenbook Pro Dual Screen Laptop","laptops","3","1799.99","5399.97","11.14","4798.41","6032.81","5389.02","2026-09-04 16:43:41.501","2026-09-04"
"64","64","175","White Faux Leather Backpack","womens-bags","5","39.99","199.95000000000002","15.2","169.56","6032.81","5389.02","2026-09-04 16:43:41.501","2026-09-04"
"65","65","87","Men Check Shirt","mens-shirts","1","27.99","27.99","11.38","24.8","1717.89","1517.78","2026-09-04 16:43:41.501","2026-09-04"
"65","65","93","Brown Leather Belt Watch","mens-watches","1","89.99","89.99","5.99","84.6","1717.89","1517.78","2026-09-04 16:43:41.501","2026-09-04"
"65","65","130","Realme XT","smartphones","4","349.99","1399.96","11.51","1238.82","1717.89","1517.78","2026-09-04 16:43:41.501","2026-09-04"
"65","65","175","White Faux Leather Backpack","womens-bags","5","39.99","199.95000000000002","15.2","169.56","1717.89","1517.78","2026-09-04 16:43:41.501","2026-09-04"
"66","66","37","Red Onions","groceries","3","1.99","5.97","9.9","5.38","2295.93","1907.41","2026-09-04 16:43:41.501","2026-09-04"
"66","66","160","Samsung Galaxy Tab S8 Plus Grey","tablets","1","599.99","599.99","13.31","520.13","2295.93","1907.41","2026-09-04 16:43:41.501","2026-09-04"
"66","66","178","Corset Leather With Skirt","womens-dresses","1","89.99","89.99","16.26","75.36","2295.93","1907.41","2026-09-04 16:43:41.501","2026-09-04"
"66","66","193","Watch Gold for Women","womens-watches","2","799.99","1599.98","18.34","1306.54","2295.93","1907.41","2026-09-04 16:43:41.501","2026-09-04"
"67","67","9","Dolce Shine Eau de","fragrances","2","69.99","139.98","0.62","139.11","443.96","389.6","2026-09-04 16:43:41.501","2026-09-04"
"67","67","29","Juice","groceries","1","3.99","3.99","12.06","3.51","443.96","389.6","2026-09-04 16:43:41.501","2026-09-04"
"67","67","135","Vivo V9","smartphones","1","299.99","299.99","17.67","246.98","443.96","389.6","2026-09-04 16:43:41.501","2026-09-04"
"68","68","53","Chopping Board","kitchen-accessories","4","12.99","51.96","8.03","47.79","252.89","221.05","2026-09-04 16:43:41.501","2026-09-04"
"68","68","65","Lunch Box","kitchen-accessories","2","12.99","25.98","10.34","23.29","252.89","221.05","2026-09-04 16:43:41.501","2026-09-04"
"68","68","164","Gray Dress","tops","5","34.99","174.95000000000002","14.28","149.97","252.89","221.05","2026-09-04 16:43:41.501","2026-09-04"
"69","69","28","Ice Cream","groceries","2","5.49","10.98","8.69","10.03","7185.87","6560.55","2026-09-04 16:43:41.501","2026-09-04"
"69","69","122","iPhone 6","smartphones","2","299.99","599.98","6.69","559.84","7185.87","6560.55","2026-09-04 16:43:41.501","2026-09-04"
"69","69","183","Green Oval Earring","womens-jewellery","3","24.99","74.97","15.18","63.59","7185.87","6560.55","2026-09-04 16:43:41.501","2026-09-04"
"69","69","190","IWC Ingenieur Automatic Steel","womens-watches","1","4999.99","4999.99","9.45","4527.49","7185.87","6560.55","2026-09-04 16:43:41.501","2026-09-04"
"70","70","72","Slotted Turner","kitchen-accessories","5","8.99","44.95","13.35","38.95","3794.83","3295.62","2026-09-04 16:43:41.501","2026-09-04"
"70","70","112","TV Studio Camera Pedestal","mobile-accessories","3","499.99","1499.97","8.31","1375.32","3794.83","3295.62","2026-09-04 16:43:41.501","2026-09-04"
"70","70","130","Realme XT","smartphones","1","349.99","349.99","11.51","309.71","3794.83","3295.62","2026-09-04 16:43:41.501","2026-09-04"
"70","70","149","Iron Golf","sports-accessories","3","49.99","149.97","6.53","140.18","3794.83","3295.62","2026-09-04 16:43:41.501","2026-09-04"
"70","70","161","Samsung Galaxy Tab White","tablets","5","349.99","1749.95","18.2","1431.46","3794.83","3295.62","2026-09-04 16:43:41.501","2026-09-04"
"71","71","23","Eggs","groceries","2","2.99","5.98","11.05","5.32","77905.87","72541.01","2026-09-04 16:43:41.501","2026-09-04"
"71","71","115","MotoGP CI.H1","motorcycle","5","14999.99","74999.95","6.92","69809.95","77905.87","72541.01","2026-09-04 16:43:41.501","2026-09-04"
"71","71","133","Samsung Galaxy S10","smartphones","4","699.99","2799.96","5.59","2643.44","77905.87","72541.01","2026-09-04 16:43:41.501","2026-09-04"
"71","71","180","Dress Pea","womens-dresses","2","49.99","99.98","17.68","82.3","77905.87","72541.01","2026-09-04 16:43:41.501","2026-09-04"
"72","72","38","Rice","groceries","3","5.99","17.97","9.29","16.3","322.86","291.77","2026-09-04 16:43:41.501","2026-09-04"
"72","72","46","Plant Pot","home-decoration","5","14.99","74.95","6.84","69.82","322.86","291.77","2026-09-04 16:43:41.501","2026-09-04"
"72","72","61","Hand Blender","kitchen-accessories","2","34.99","69.98","17.02","58.07","322.86","291.77","2026-09-04 16:43:41.501","2026-09-04"
"72","72","141","Basketball Rim","sports-accessories","4","39.99","159.96","7.74","147.58","322.86","291.77","2026-09-04 16:43:41.501","2026-09-04"
"73","73","63","Kitchen Sieve","kitchen-accessories","4","7.99","31.96","18.91","25.92","21807.84","20510.13","2026-09-04 16:43:41.501","2026-09-04"
"73","73","79","Asus Zenbook Pro Dual Screen Laptop","laptops","3","1799.99","5399.97","11.14","4798.41","21807.84","20510.13","2026-09-04 16:43:41.501","2026-09-04"
"73","73","111","Selfie Stick Monopod","mobile-accessories","2","12.99","25.98","19.12","21.01","21807.84","20510.13","2026-09-04 16:43:41.501","2026-09-04"
"73","73","120","Vaseline Men Body and Face Lotion","skin-care","5","9.99","49.95","13.39","43.26","21807.84","20510.13","2026-09-04 16:43:41.501","2026-09-04"
"73","73","129","Realme X","smartphones","1","299.99","299.99","6.95","279.14","21807.84","20510.13","2026-09-04 16:43:41.501","2026-09-04"
"73","73","191","Rolex Cellini Moonphase","womens-watches","1","15999.99","15999.99","4.11","15342.39","21807.84","20510.13","2026-09-04 16:43:41.501","2026-09-04"
"74","74","36","Protein Powder","groceries","3","19.99","59.97","7.59","55.42","1562.41","1379.22","2026-09-04 16:43:41.501","2026-09-04"
"74","74","41","Tissue Paper Box","groceries","1","2.49","2.49","13.28","2.16","1562.41","1379.22","2026-09-04 16:43:41.501","2026-09-04"
"74","74","105","Apple MagSafe Battery Pack","mobile-accessories","1","99.99","99.99","17.17","82.82","1562.41","1379.22","2026-09-04 16:43:41.501","2026-09-04"
"74","74","130","Realme XT","smartphones","4","349.99","1399.96","11.51","1238.82","1562.41","1379.22","2026-09-04 16:43:41.501","2026-09-04"
"75","75","37","Red Onions","groceries","2","1.99","3.98","9.9","3.59","346.44","286.02","2026-09-04 16:43:41.501","2026-09-04"
"75","75","41","Tissue Paper Box","groceries","1","2.49","2.49","13.28","2.16","346.44","286.02","2026-09-04 16:43:41.501","2026-09-04"
"75","75","73","Spice Rack","kitchen-accessories","2","19.99","39.98","12.09","35.15","346.44","286.02","2026-09-04 16:43:41.501","2026-09-04"
"75","75","127","Oppo K1","smartphones","1","299.99","299.99","18.29","245.12","346.44","286.02","2026-09-04 16:43:41.501","2026-09-04"
"76","76","78","Apple MacBook Pro 14 Inch Space Grey","laptops","4","1999.99","7999.96","4.69","7624.76","37629.86","36017.72","2026-09-04 16:43:41.501","2026-09-04"
"76","76","108","iPhone 12 Silicone Case with MagSafe Plum","mobile-accessories","3","29.99","89.97","13.85","77.51","37629.86","36017.72","2026-09-04 16:43:41.501","2026-09-04"
"76","76","152","Tennis Racket","sports-accessories","3","49.99","149.97","19.61","120.56","37629.86","36017.72","2026-09-04 16:43:41.501","2026-09-04"
"76","76","167","300 Touring","vehicle","1","28999.99","28999.99","3.98","27845.79","37629.86","36017.72","2026-09-04 16:43:41.501","2026-09-04"
"76","76","177","Black Women's Gown","womens-dresses","3","129.99","389.97","10.48","349.1","37629.86","36017.72","2026-09-04 16:43:41.501","2026-09-04"
"77","77","91","Sports Sneakers Off White & Red","mens-shoes","1","119.99","119.99","4.97","114.03","999.95","880.59","2026-09-04 16:43:41.501","2026-09-04"
"77","77","106","Apple Watch Series 4 Gold","mobile-accessories","2","349.99","699.98","12.02","615.84","999.95","880.59","2026-09-04 16:43:41.501","2026-09-04"
"77","77","178","Corset Leather With Skirt","womens-dresses","2","89.99","179.98","16.26","150.72","999.95","880.59","2026-09-04 16:43:41.501","2026-09-04"
"78","78","85","Man Plaid Shirt","mens-shirts","1","34.99","34.99","19.5","28.17","128964.87","109890.08","2026-09-04 16:43:41.501","2026-09-04"
"78","78","120","Vaseline Men Body and Face Lotion","skin-care","3","9.99","29.97","13.39","25.96","128964.87","109890.08","2026-09-04 16:43:41.501","2026-09-04"
"78","78","171","Pacifica Touring","vehicle","4","31999.99","127999.96","14.76","109107.17","128964.87","109890.08","2026-09-04 16:43:41.501","2026-09-04"
"78","78","181","Marni Red & Black Suit","womens-dresses","5","179.99","899.95","19.02","728.78","128964.87","109890.08","2026-09-04 16:43:41.501","2026-09-04"
"79","79","18","Cat Food","groceries","3","8.99","26.97","9.58","24.39","1575.87","1336.5","2026-09-04 16:43:41.501","2026-09-04"
"79","79","50","Black Whisk","kitchen-accessories","2","9.99","19.98","10.24","17.93","1575.87","1336.5","2026-09-04 16:43:41.501","2026-09-04"
"79","79","84","Gigabyte Aorus Men Tshirt","mens-shirts","3","24.99","74.97","0.94","74.27","1575.87","1336.5","2026-09-04 16:43:41.501","2026-09-04"
"79","79","147","Football","sports-accessories","3","17.99","53.97","5.15","51.19","1575.87","1336.5","2026-09-04 16:43:41.501","2026-09-04"
"79","79","174","Prada Women Bag","womens-bags","1","599.99","599.99","14.09","515.45","1575.87","1336.5","2026-09-04 16:43:41.501","2026-09-04"
"79","79","193","Watch Gold for Women","womens-watches","1","799.99","799.99","18.34","653.27","1575.87","1336.5","2026-09-04 16:43:41.501","2026-09-04"
"80","80","13","Bedside Table African Cherry","furniture","5","299.99","1499.95","19.09","1213.61","1504.93","1217.93","2026-09-04 16:43:41.501","2026-09-04"
"80","80","41","Tissue Paper Box","groceries","2","2.49","4.98","13.28","4.32","1504.93","1217.93","2026-09-04 16:43:41.501","2026-09-04"
"81","81","2","Eyeshadow Palette with Mirror","beauty","3","19.99","59.97","18.19","49.06","242.85","217.41","2026-09-04 16:43:41.501","2026-09-04"
"81","81","18","Cat Food","groceries","2","8.99","17.98","9.58","16.26","242.85","217.41","2026-09-04 16:43:41.501","2026-09-04"
"81","81","36","Protein Powder","groceries","5","19.99","99.94999999999999","7.59","92.36","242.85","217.41","2026-09-04 16:43:41.501","2026-09-04"
"81","81","53","Chopping Board","kitchen-accessories","5","12.99","64.95","8.03","59.73","242.85","217.41","2026-09-04 16:43:41.501","2026-09-04"
"82","82","43","Decoration Swing","home-decoration","3","59.99","179.97","10.41","161.24","1974.84","1674.54","2026-09-04 16:43:41.501","2026-09-04"
"82","82","46","Plant Pot","home-decoration","5","14.99","74.95","6.84","69.82","1974.84","1674.54","2026-09-04 16:43:41.501","2026-09-04"
"82","82","107","Beats Flex Wireless Earphones","mobile-accessories","4","49.99","199.96","5.73","188.5","1974.84","1674.54","2026-09-04 16:43:41.501","2026-09-04"
"82","82","136","Vivo X21","smartphones","3","499.99","1499.97","17.41","1238.83","1974.84","1674.54","2026-09-04 16:43:41.501","2026-09-04"
"82","82","163","Girl Summer Dress","tops","1","19.99","19.99","19.2","16.15","1974.84","1674.54","2026-09-04 16:43:41.501","2026-09-04"
"83","83","14","Knoll Saarinen Executive Conference Chair","furniture","4","499.99","1999.96","2.01","1959.76","150061.36","125679.0","2026-09-04 16:43:41.501","2026-09-04"
"83","83","32","Milk","groceries","1","3.49","3.49","13.74","3.01","150061.36","125679.0","2026-09-04 16:43:41.501","2026-09-04"
"83","83","49","Black Aluminium Cup","kitchen-accessories","3","5.99","17.97","15.65","15.16","150061.36","125679.0","2026-09-04 16:43:41.501","2026-09-04"
"83","83","163","Girl Summer Dress","tops","2","19.99","39.98","19.2","32.3","150061.36","125679.0","2026-09-04 16:43:41.501","2026-09-04"
"83","83","170","Durango SXT RWD","vehicle","4","36999.99","147999.96","16.44","123668.77","150061.36","125679.0","2026-09-04 16:43:41.501","2026-09-04"
"84","84","71","Silver Pot With Glass Cap","kitchen-accessories","1","39.99","39.99","5.7","37.71","569.92","542.55","2026-09-04 16:43:41.501","2026-09-04"
"84","84","90","Puma Future Rider Trainers","mens-shoes","5","89.99","449.95","4.2","431.05","569.92","542.55","2026-09-04 16:43:41.501","2026-09-04"
"84","84","141","Basketball Rim","sports-accessories","2","39.99","79.98","7.74","73.79","569.92","542.55","2026-09-04 16:43:41.501","2026-09-04"
"85","85","47","Table Lamp","home-decoration","2","49.99","99.98","7.09","92.89","179.94","163.88","2026-09-04 16:43:41.501","2026-09-04"
"85","85","157","Party Glasses","sunglasses","4","19.99","79.96","11.22","70.99","179.94","163.88","2026-09-04 16:43:41.501","2026-09-04"
"86","86","114","Kawasaki Z800","motorcycle","5","8999.99","44999.95","9.77","40603.45","45249.9","40809.21","2026-09-04 16:43:41.501","2026-09-04"
"86","86","180","Dress Pea","womens-dresses","5","49.99","249.95000000000002","17.68","205.76","45249.9","40809.21","2026-09-04 16:43:41.501","2026-09-04"
"87","87","44","Family Tree Photo Frame","home-decoration","1","29.99","29.99","14.87","25.53","309.92","278.38","2026-09-04 16:43:41.501","2026-09-04"
"87","87","45","House Showpiece Plant","home-decoration","5","39.99","199.95000000000002","7.46","185.03","309.92","278.38","2026-09-04 16:43:41.501","2026-09-04"
"87","87","175","White Faux Leather Backpack","womens-bags","2","39.99","79.98","15.2","67.82","309.92","278.38","2026-09-04 16:43:41.501","2026-09-04"
"88","88","58","Fork","kitchen-accessories","5","3.99","19.950000000000003","8.07","18.34","149.94","128.13","2026-09-04 16:43:41.501","2026-09-04"
"88","88","100","Apple Airpods","mobile-accessories","1","129.99","129.99","15.54","109.79","149.94","128.13","2026-09-04 16:43:41.501","2026-09-04"
"89","89","30","Kiwi","groceries","4","2.49","9.96","15.22","8.44","2458.83","2111.01","2026-09-04 16:43:41.501","2026-09-04"
"89","89","44","Family Tree Photo Frame","home-decoration","1","29.99","29.99","14.87","25.53","2458.83","2111.01","2026-09-04 16:43:41.501","2026-09-04"
"89","89","101","Apple AirPods Max Silver","mobile-accessories","4","549.99","2199.96","13.67","1899.23","2458.83","2111.01","2026-09-04 16:43:41.501","2026-09-04"
"89","89","138","Baseball Ball","sports-accessories","1","8.99","8.99","1.71","8.84","2458.83","2111.01","2026-09-04 16:43:41.501","2026-09-04"
"89","89","150","Metal Baseball Bat","sports-accessories","2","29.99","59.98","19.51","48.28","2458.83","2111.01","2026-09-04 16:43:41.501","2026-09-04"
"90","90","83","Blue & Black Check Shirt","mens-shirts","2","29.99","59.98","15.35","50.77","6059.84","5010.11","2026-09-04 16:43:41.501","2026-09-04"
"90","90","94","Longines Master Collection","mens-watches","3","1499.99","4499.97","17.24","3724.18","6059.84","5010.11","2026-09-04 16:43:41.501","2026-09-04"
"90","90","132","Samsung Galaxy S8","smartphones","2","499.99","999.98","19.45","805.48","6059.84","5010.11","2026-09-04 16:43:41.501","2026-09-04"
"90","90","176","Women Handbag Black","womens-bags","5","59.99","299.95","11.63","265.07","6059.84","5010.11","2026-09-04 16:43:41.501","2026-09-04"
"90","90","180","Dress Pea","womens-dresses","4","49.99","199.96","17.68","164.61","6059.84","5010.11","2026-09-04 16:43:41.501","2026-09-04"
"91","91","52","Carbon Steel Wok","kitchen-accessories","2","29.99","59.98","6.53","56.06","259.94","228.17","2026-09-04 16:43:41.501","2026-09-04"
"91","91","187","Golden Shoes Woman","womens-shoes","4","49.99","199.96","13.93","172.11","259.94","228.17","2026-09-04 16:43:41.501","2026-09-04"
"92","92","51","Boxed Blender","kitchen-accessories","4","39.99","159.96","7.26","148.35","809.92","680.17","2026-09-04 16:43:41.501","2026-09-04"
"92","92","132","Samsung Galaxy S8","smartphones","1","499.99","499.99","19.45","402.74","809.92","680.17","2026-09-04 16:43:41.501","2026-09-04"
"92","92","187","Golden Shoes Woman","womens-shoes","3","49.99","149.97","13.93","129.08","809.92","680.17","2026-09-04 16:43:41.501","2026-09-04"
"93","93","13","Bedside Table African Cherry","furniture","5","299.99","1499.95","19.09","1213.61","1809.86","1468.77","2026-09-04 16:43:41.501","2026-09-04"
"93","93","74","Spoon","kitchen-accessories","2","4.99","9.98","1.53","9.83","1809.86","1468.77","2026-09-04 16:43:41.501","2026-09-04"
"93","93","83","Blue & Black Check Shirt","mens-shirts","2","29.99","59.98","15.35","50.77","1809.86","1468.77","2026-09-04 16:43:41.501","2026-09-04"
"93","93","85","Man Plaid Shirt","mens-shirts","4","34.99","139.96","19.5","112.67","1809.86","1468.77","2026-09-04 16:43:41.501","2026-09-04"
"93","93","103","Apple HomePod Mini Cosmic Grey","mobile-accessories","1","99.99","99.99","18.1","81.89","1809.86","1468.77","2026-09-04 16:43:41.501","2026-09-04"
"94","94","3","Powder Canister","beauty","4","14.99","59.96","9.84","54.06","345.81","312.15","2026-09-04 16:43:41.501","2026-09-04"
"94","94","16","Apple","groceries","3","1.99","5.97","12.62","5.22","345.81","312.15","2026-09-04 16:43:41.501","2026-09-04"
"94","94","75","Tray","kitchen-accessories","5","16.99","84.94999999999999","7.48","78.6","345.81","312.15","2026-09-04 16:43:41.501","2026-09-04"
"94","94","155","Classic Sun Glasses","sunglasses","3","24.99","74.97","4.94","71.27","345.81","312.15","2026-09-04 16:43:41.501","2026-09-04"
"94","94","188","Pampi Shoes","womens-shoes","4","29.99","119.96","14.14","103.0","345.81","312.15","2026-09-04 16:43:41.501","2026-09-04"
"95","95","23","Eggs","groceries","2","2.99","5.98","11.05","5.32","154490.76","129783.31","2026-09-04 16:43:41.501","2026-09-04"
"95","95","133","Samsung Galaxy S10","smartphones","5","699.99","3499.95","5.59","3304.3","154490.76","129783.31","2026-09-04 16:43:41.501","2026-09-04"
"95","95","140","Basketball","sports-accessories","4","14.99","59.96","7.44","55.5","154490.76","129783.31","2026-09-04 16:43:41.501","2026-09-04"
"95","95","170","Durango SXT RWD","vehicle","4","36999.99","147999.96","16.44","123668.77","154490.76","129783.31","2026-09-04 16:43:41.501","2026-09-04"
"95","95","183","Green Oval Earring","womens-jewellery","5","24.99","124.94999999999999","15.18","105.98","154490.76","129783.31","2026-09-04 16:43:41.501","2026-09-04"
"96","96","5","Red Nail Polish","beauty","5","8.99","44.95","11.44","39.81","104.93","92.51","2026-09-04 16:43:41.501","2026-09-04"
"96","96","162","Blue Frock","tops","2","29.99","59.98","12.13","52.7","104.93","92.51","2026-09-04 16:43:41.501","2026-09-04"
"97","97","18","Cat Food","groceries","1","8.99","8.99","9.58","8.13","2013.93","1623.42","2026-09-04 16:43:41.501","2026-09-04"
"97","97","41","Tissue Paper Box","groceries","2","2.49","4.98","13.28","4.32","2013.93","1623.42","2026-09-04 16:43:41.501","2026-09-04"
"97","97","132","Samsung Galaxy S8","smartphones","4","499.99","1999.96","19.45","1610.97","2013.93","1623.42","2026-09-04 16:43:41.501","2026-09-04"
"98","98","24","Fish Steak","groceries","5","14.99","74.95","4.23","71.78","1010.78","896.98","2026-09-04 16:43:41.501","2026-09-04"
"98","98","48","Bamboo Spatula","kitchen-accessories","2","7.99","15.98","2.84","15.53","1010.78","896.98","2026-09-04 16:43:41.501","2026-09-04"
"98","98","99","Amazon Echo Plus","mobile-accessories","5","99.99","499.95","12.07","439.61","1010.78","896.98","2026-09-04 16:43:41.501","2026-09-04"
"98","98","156","Green and Black Glasses","sunglasses","4","34.99","139.96","1.01","138.55","1010.78","896.98","2026-09-04 16:43:41.501","2026-09-04"
"98","98","180","Dress Pea","womens-dresses","5","49.99","249.95000000000002","17.68","205.76","1010.78","896.98","2026-09-04 16:43:41.501","2026-09-04"
"98","98","188","Pampi Shoes","womens-shoes","1","29.99","29.99","14.14","25.75","1010.78","896.98","2026-09-04 16:43:41.501","2026-09-04"
"99","99","18","Cat Food","groceries","3","8.99","26.97","9.58","24.39","124.4","117.96","2026-09-04 16:43:41.501","2026-09-04"
"99","99","28","Ice Cream","groceries","3","5.49","16.47","8.69","15.04","124.4","117.96","2026-09-04 16:43:41.501","2026-09-04"
"99","99","68","Pan","kitchen-accessories","3","24.99","74.97","3.0","72.72","124.4","117.96","2026-09-04 16:43:41.501","2026-09-04"
"99","99","146","Feather Shuttlecock","sports-accessories","1","5.99","5.99","2.95","5.81","124.4","117.96","2026-09-04 16:43:41.501","2026-09-04"
"100","100","31","Lemon","groceries","4","0.79","3.16","9.7","2.85","33003.13","31771.92","2026-09-04 16:43:41.501","2026-09-04"
"100","100","97","Rolex Datejust","mens-watches","3","10999.99","32999.97","3.73","31769.07","33003.13","31771.92","2026-09-04 16:43:41.501","2026-09-04"
"101","101","22","Dog Food","groceries","1","10.99","10.99","10.27","9.86","1551.88","1464.78","2026-09-04 16:43:41.501","2026-09-04"
"101","101","57","Fine Mesh Strainer","kitchen-accessories","3","9.99","29.97","3.5","28.92","1551.88","1464.78","2026-09-04 16:43:41.501","2026-09-04"
"101","101","68","Pan","kitchen-accessories","3","24.99","74.97","3.0","72.72","1551.88","1464.78","2026-09-04 16:43:41.501","2026-09-04"
"101","101","133","Samsung Galaxy S10","smartphones","2","699.99","1399.98","5.59","1321.72","1551.88","1464.78","2026-09-04 16:43:41.501","2026-09-04"
"101","101","153","Volleyball","sports-accessories","3","11.99","35.97","12.25","31.56","1551.88","1464.78","2026-09-04 16:43:41.501","2026-09-04"
"102","102","22","Dog Food","groceries","1","10.99","10.99","10.27","9.86","171.9","155.13","2026-09-04 16:43:41.501","2026-09-04"
"102","102","45","House Showpiece Plant","home-decoration","2","39.99","79.98","7.46","74.01","171.9","155.13","2026-09-04 16:43:41.501","2026-09-04"
"102","102","53","Chopping Board","kitchen-accessories","4","12.99","51.96","8.03","47.79","171.9","155.13","2026-09-04 16:43:41.501","2026-09-04"
"102","102","63","Kitchen Sieve","kitchen-accessories","2","7.99","15.98","18.91","12.96","171.9","155.13","2026-09-04 16:43:41.501","2026-09-04"
"102","102","111","Selfie Stick Monopod","mobile-accessories","1","12.99","12.99","19.12","10.51","171.9","155.13","2026-09-04 16:43:41.501","2026-09-04"
"103","103","18","Cat Food","groceries","2","8.99","17.98","9.58","16.26","35.89","31.79","2026-09-04 16:43:41.501","2026-09-04"
"103","103","37","Red Onions","groceries","5","1.99","9.95","9.9","8.96","35.89","31.79","2026-09-04 16:43:41.501","2026-09-04"
"103","103","39","Soft Drinks","groceries","4","1.99","7.96","17.48","6.57","35.89","31.79","2026-09-04 16:43:41.501","2026-09-04"
"104","104","24","Fish Steak","groceries","5","14.99","74.95","4.23","71.78","1120.23","990.53","2026-09-04 16:43:41.501","2026-09-04"
"104","104","32","Milk","groceries","3","3.49","10.47","13.74","9.03","1120.23","990.53","2026-09-04 16:43:41.501","2026-09-04"
"104","104","55","Egg Slicer","kitchen-accessories","5","6.99","34.95","14.76","29.79","1120.23","990.53","2026-09-04 16:43:41.501","2026-09-04"
"104","104","66","Microwave Oven","kitchen-accessories","4","89.99","359.96","12.13","316.3","1120.23","990.53","2026-09-04 16:43:41.501","2026-09-04"
"104","104","87","Men Check Shirt","mens-shirts","5","27.99","139.95","11.38","124.02","1120.23","990.53","2026-09-04 16:43:41.501","2026-09-04"
"104","104","99","Amazon Echo Plus","mobile-accessories","5","99.99","499.95","12.07","439.61","1120.23","990.53","2026-09-04 16:43:41.501","2026-09-04"
"105","105","75","Tray","kitchen-accessories","4","16.99","67.96","7.48","62.88","147.91","134.21","2026-09-04 16:43:41.501","2026-09-04"
"105","105","109","Monopod","mobile-accessories","3","19.99","59.97","8.58","54.82","147.91","134.21","2026-09-04 16:43:41.501","2026-09-04"
"105","105","148","Golf Ball","sports-accessories","2","9.99","19.98","17.37","16.51","147.91","134.21","2026-09-04 16:43:41.501","2026-09-04"
"106","106","84","Gigabyte Aorus Men Tshirt","mens-shirts","1","24.99","24.99","0.94","24.76","104.97","94.38","2026-09-04 16:43:41.501","2026-09-04"
"106","106","166","Tartan Dress","tops","2","39.99","79.98","12.95","69.62","104.97","94.38","2026-09-04 16:43:41.501","2026-09-04"
"107","107","47","Table Lamp","home-decoration","2","49.99","99.98","7.09","92.89","129.97","120.92","2026-09-04 16:43:41.501","2026-09-04"
"107","107","52","Carbon Steel Wok","kitchen-accessories","1","29.99","29.99","6.53","28.03","129.97","120.92","2026-09-04 16:43:41.501","2026-09-04"
"108","108","106","Apple Watch Series 4 Gold","mobile-accessories","3","349.99","1049.97","12.02","923.76","1062.96","935.63","2026-09-04 16:43:41.501","2026-09-04"
"108","108","142","Cricket Ball","sports-accessories","1","12.99","12.99","8.63","11.87","1062.96","935.63","2026-09-04 16:43:41.501","2026-09-04"
"109","109","78","Apple MacBook Pro 14 Inch Space Grey","laptops","5","1999.99","9999.95","4.69","9530.95","10089.94","9615.55","2026-09-04 16:43:41.501","2026-09-04"
"109","109","93","Brown Leather Belt Watch","mens-watches","1","89.99","89.99","5.99","84.6","10089.94","9615.55","2026-09-04 16:43:41.501","2026-09-04"
"110","110","38","Rice","groceries","4","5.99","23.96","9.29","21.73","37703.85","31595.18","2026-09-04 16:43:41.501","2026-09-04"
"110","110","61","Hand Blender","kitchen-accessories","2","34.99","69.98","17.02","58.07","37703.85","31595.18","2026-09-04 16:43:41.501","2026-09-04"
"110","110","92","Sports Sneakers Off White Red","mens-shoes","5","109.99","549.9499999999999","0.04","549.73","37703.85","31595.18","2026-09-04 16:43:41.501","2026-09-04"
"110","110","163","Girl Summer Dress","tops","3","19.99","59.97","19.2","48.46","37703.85","31595.18","2026-09-04 16:43:41.501","2026-09-04"
"110","110","170","Durango SXT RWD","vehicle","1","36999.99","36999.99","16.44","30917.19","37703.85","31595.18","2026-09-04 16:43:41.501","2026-09-04"
"111","111","12","Annibale Colombo Sofa","furniture","5","2499.99","12499.949999999999","14.4","10699.96","13899.91","11845.13","2026-09-04 16:43:41.501","2026-09-04"
"111","111","161","Samsung Galaxy Tab White","tablets","4","349.99","1399.96","18.2","1145.17","13899.91","11845.13","2026-09-04 16:43:41.501","2026-09-04"
"112","112","49","Black Aluminium Cup","kitchen-accessories","1","5.99","5.99","15.65","5.05","384.88","343.42","2026-09-04 16:43:41.501","2026-09-04"
"112","112","142","Cricket Ball","sports-accessories","3","12.99","38.97","8.63","35.61","384.88","343.42","2026-09-04 16:43:41.501","2026-09-04"
"112","112","156","Green and Black Glasses","sunglasses","4","34.99","139.96","1.01","138.55","384.88","343.42","2026-09-04 16:43:41.501","2026-09-04"
"112","112","172","Blue Women's Handbag","womens-bags","4","49.99","199.96","17.88","164.21","384.88","343.42","2026-09-04 16:43:41.501","2026-09-04"
"113","113","1","Essence Mascara Lash Princess","beauty","5","9.99","49.95","10.48","44.72","1624.87","1480.45","2026-09-04 16:43:41.501","2026-09-04"
"113","113","110","Selfie Lamp with iPhone","mobile-accessories","5","14.99","74.95","19.4","60.41","1624.87","1480.45","2026-09-04 16:43:41.501","2026-09-04"
"113","113","112","TV Studio Camera Pedestal","mobile-accessories","3","499.99","1499.97","8.31","1375.32","1624.87","1480.45","2026-09-04 16:43:41.501","2026-09-04"
"114","114","105","Apple MagSafe Battery Pack","mobile-accessories","2","99.99","199.98","17.17","165.64","37699.93","33323.1","2026-09-04 16:43:41.501","2026-09-04"
"114","114","117","Sportbike Motorcycle","motorcycle","5","7499.99","37499.95","11.58","33157.46","37699.93","33323.1","2026-09-04 16:43:41.501","2026-09-04"
"115","115","18","Cat Food","groceries","4","8.99","35.96","9.58","32.52","4526.87","4223.96","2026-09-04 16:43:41.501","2026-09-04"
"115","115","23","Eggs","groceries","1","2.99","2.99","11.05","2.66","4526.87","4223.96","2026-09-04 16:43:41.501","2026-09-04"
"115","115","69","Plate","kitchen-accessories","2","3.99","7.98","7.31","7.4","4526.87","4223.96","2026-09-04 16:43:41.501","2026-09-04"
"115","115","81","Lenovo Yoga 920","laptops","4","1099.99","4399.96","6.55","4111.76","4526.87","4223.96","2026-09-04 16:43:41.501","2026-09-04"
"115","115","166","Tartan Dress","tops","2","39.99","79.98","12.95","69.62","4526.87","4223.96","2026-09-04 16:43:41.501","2026-09-04"
"116","116","21","Cucumber","groceries","5","1.49","7.45","0.16","7.44","9141.33","8558.54","2026-09-04 16:43:41.501","2026-09-04"
"116","116","111","Selfie Stick Monopod","mobile-accessories","3","12.99","38.97","19.12","31.52","9141.33","8558.54","2026-09-04 16:43:41.501","2026-09-04"
"116","116","116","Scooter Motorcycle","motorcycle","3","2999.99","8999.97","6.27","8435.67","9141.33","8558.54","2026-09-04 16:43:41.501","2026-09-04"
"116","116","120","Vaseline Men Body and Face Lotion","skin-care","5","9.99","49.95","13.39","43.26","9141.33","8558.54","2026-09-04 16:43:41.501","2026-09-04"
"116","116","144","Cricket Helmet","sports-accessories","1","44.99","44.99","9.64","40.65","9141.33","8558.54","2026-09-04 16:43:41.501","2026-09-04"
"117","117","11","Annibale Colombo Bed","furniture","2","1899.99","3799.98","8.57","3474.32","10989.86","9985.79","2026-09-04 16:43:41.501","2026-09-04"
"117","117","37","Red Onions","groceries","3","1.99","5.97","9.9","5.38","10989.86","9985.79","2026-09-04 16:43:41.501","2026-09-04"
"117","117","69","Plate","kitchen-accessories","1","3.99","3.99","7.31","3.7","10989.86","9985.79","2026-09-04 16:43:41.501","2026-09-04"
"117","117","80","Huawei Matebook X Pro","laptops","5","1399.99","6999.95","9.38","6343.35","10989.86","9985.79","2026-09-04 16:43:41.501","2026-09-04"
"117","117","176","Women Handbag Black","womens-bags","3","59.99","179.97","11.63","159.04","10989.86","9985.79","2026-09-04 16:43:41.501","2026-09-04"
"118","118","33","Mulberry","groceries","5","4.99","24.950000000000003","12.87","21.74","158.85","141.14","2026-09-04 16:43:41.501","2026-09-04"
"118","118","60","Grater Black","kitchen-accessories","4","10.99","43.96","3.56","42.4","158.85","141.14","2026-09-04 16:43:41.501","2026-09-04"
"118","118","120","Vaseline Men Body and Face Lotion","skin-care","4","9.99","39.96","13.39","34.61","158.85","141.14","2026-09-04 16:43:41.501","2026-09-04"
"118","118","183","Green Oval Earring","womens-jewellery","2","24.99","49.98","15.18","42.39","158.85","141.14","2026-09-04 16:43:41.501","2026-09-04"
"119","119","100","Apple Airpods","mobile-accessories","2","129.99","259.98","15.54","219.58","299.96","252.16","2026-09-04 16:43:41.501","2026-09-04"
"119","119","104","Apple iPhone Charger","mobile-accessories","2","19.99","39.98","18.52","32.58","299.96","252.16","2026-09-04 16:43:41.501","2026-09-04"
"120","120","45","House Showpiece Plant","home-decoration","2","39.99","79.98","7.46","74.01","879.92","814.89","2026-09-04 16:43:41.501","2026-09-04"
"120","120","88","Nike Air Jordan 1 Red And Black","mens-shoes","4","149.99","599.96","4.12","575.24","879.92","814.89","2026-09-04 16:43:41.501","2026-09-04"
"120","120","105","Apple MagSafe Battery Pack","mobile-accessories","2","99.99","199.98","17.17","165.64","879.92","814.89","2026-09-04 16:43:41.501","2026-09-04"
"121","121","42","Water","groceries","3","0.99","2.9699999999999998","14.92","2.53","83.9","79.41","2026-09-04 16:43:41.501","2026-09-04"
"121","121","53","Chopping Board","kitchen-accessories","2","12.99","25.98","8.03","23.89","83.9","79.41","2026-09-04 16:43:41.501","2026-09-04"
"121","121","60","Grater Black","kitchen-accessories","5","10.99","54.95","3.56","52.99","83.9","79.41","2026-09-04 16:43:41.501","2026-09-04"
"122","122","47","Table Lamp","home-decoration","1","49.99","49.99","7.09","46.45","27089.94","24688.5","2026-09-04 16:43:41.501","2026-09-04"
"122","122","95","Rolex Cellini Date Black Dial","mens-watches","3","8999.99","26999.97","8.88","24602.37","27089.94","24688.5","2026-09-04 16:43:41.501","2026-09-04"
"122","122","184","Tropical Earring","womens-jewellery","2","19.99","39.98","0.76","39.68","27089.94","24688.5","2026-09-04 16:43:41.501","2026-09-04"
"123","123","53","Chopping Board","kitchen-accessories","4","12.99","51.96","8.03","47.79","84301.79","78514.37","2026-09-04 16:43:41.501","2026-09-04"
"123","123","115","MotoGP CI.H1","motorcycle","5","14999.99","74999.95","6.92","69809.95","84301.79","78514.37","2026-09-04 16:43:41.501","2026-09-04"
"123","123","116","Scooter Motorcycle","motorcycle","3","2999.99","8999.97","6.27","8435.67","84301.79","78514.37","2026-09-04 16:43:41.501","2026-09-04"
"123","123","155","Classic Sun Glasses","sunglasses","4","24.99","99.96","4.94","95.02","84301.79","78514.37","2026-09-04 16:43:41.501","2026-09-04"
"123","123","180","Dress Pea","womens-dresses","1","49.99","49.99","17.68","41.15","84301.79","78514.37","2026-09-04 16:43:41.501","2026-09-04"
"123","123","183","Green Oval Earring","womens-jewellery","4","24.99","99.96","15.18","84.79","84301.79","78514.37","2026-09-04 16:43:41.501","2026-09-04"
"124","124","120","Vaseline Men Body and Face Lotion","skin-care","1","9.99","9.99","13.39","8.65","469.85","433.96","2026-09-04 16:43:41.501","2026-09-04"
"124","124","144","Cricket Helmet","sports-accessories","4","44.99","179.96","9.64","162.61","469.85","433.96","2026-09-04 16:43:41.501","2026-09-04"
"124","124","146","Feather Shuttlecock","sports-accessories","5","5.99","29.950000000000003","2.95","29.07","469.85","433.96","2026-09-04 16:43:41.501","2026-09-04"
"124","124","149","Iron Golf","sports-accessories","5","49.99","249.95000000000002","6.53","233.63","469.85","433.96","2026-09-04 16:43:41.501","2026-09-04"
"125","125","4","Red Lipstick","beauty","5","12.99","64.95","12.16","57.05","3364.92","3047.81","2026-09-04 16:43:41.501","2026-09-04"
"125","125","123","iPhone 13 Pro","smartphones","3","1099.99","3299.9700000000003","9.37","2990.76","3364.92","3047.81","2026-09-04 16:43:41.501","2026-09-04"
"126","126","30","Kiwi","groceries","5","2.49","12.450000000000001","15.22","10.56","1105.34","920.91","2026-09-04 16:43:41.501","2026-09-04"
"126","126","68","Pan","kitchen-accessories","5","24.99","124.94999999999999","3.0","121.2","1105.34","920.91","2026-09-04 16:43:41.501","2026-09-04"
"126","126","69","Plate","kitchen-accessories","2","3.99","7.98","7.31","7.4","1105.34","920.91","2026-09-04 16:43:41.501","2026-09-04"
"126","126","127","Oppo K1","smartphones","2","299.99","599.98","18.29","490.24","1105.34","920.91","2026-09-04 16:43:41.501","2026-09-04"
"126","126","181","Marni Red & Black Suit","womens-dresses","2","179.99","359.98","19.02","291.51","1105.34","920.91","2026-09-04 16:43:41.501","2026-09-04"
"127","127","46","Plant Pot","home-decoration","4","14.99","59.96","6.84","55.86","1023.86","887.48","2026-09-04 16:43:41.501","2026-09-04"
"127","127","87","Men Check Shirt","mens-shirts","3","27.99","83.97","11.38","74.41","1023.86","887.48","2026-09-04 16:43:41.501","2026-09-04"
"127","127","121","iPhone 5s","smartphones","2","199.99","399.98","12.91","348.34","1023.86","887.48","2026-09-04 16:43:41.501","2026-09-04"
"127","127","128","Realme C35","smartphones","3","149.99","449.97","15.3","381.12","1023.86","887.48","2026-09-04 16:43:41.501","2026-09-04"
"127","127","140","Basketball","sports-accessories","2","14.99","29.98","7.44","27.75","1023.86","887.48","2026-09-04 16:43:41.501","2026-09-04"
"128","128","4","Red Lipstick","beauty","3","12.99","38.97","12.16","34.23","10236.85","9755.4","2026-09-04 16:43:41.501","2026-09-04"
"128","128","57","Fine Mesh Strainer","kitchen-accessories","5","9.99","49.95","3.5","48.2","10236.85","9755.4","2026-09-04 16:43:41.501","2026-09-04"
"128","128","78","Apple MacBook Pro 14 Inch Space Grey","laptops","5","1999.99","9999.95","4.69","9530.95","10236.85","9755.4","2026-09-04 16:43:41.501","2026-09-04"
"128","128","147","Football","sports-accessories","1","17.99","17.99","5.15","17.06","10236.85","9755.4","2026-09-04 16:43:41.501","2026-09-04"
"128","128","173","Heshe Women's Leather Bag","womens-bags","1","129.99","129.99","3.87","124.96","10236.85","9755.4","2026-09-04 16:43:41.501","2026-09-04"
"129","129","18","Cat Food","groceries","5","8.99","44.95","9.58","40.64","2246.3","1878.79","2026-09-04 16:43:41.501","2026-09-04"
"129","129","21","Cucumber","groceries","1","1.49","1.49","0.16","1.49","2246.3","1878.79","2026-09-04 16:43:41.501","2026-09-04"
"129","129","52","Carbon Steel Wok","kitchen-accessories","5","29.99","149.95","6.53","140.16","2246.3","1878.79","2026-09-04 16:43:41.501","2026-09-04"
"129","129","59","Glass","kitchen-accessories","4","4.99","19.96","7.92","18.38","2246.3","1878.79","2026-09-04 16:43:41.501","2026-09-04"
"129","129","136","Vivo X21","smartphones","4","499.99","1999.96","17.41","1651.77","2246.3","1878.79","2026-09-04 16:43:41.501","2026-09-04"
"129","129","162","Blue Frock","tops","1","29.99","29.99","12.13","26.35","2246.3","1878.79","2026-09-04 16:43:41.501","2026-09-04"
"130","130","15","Wooden Bathroom Sink With Mirror","furniture","2","799.99","1599.98","8.8","1459.18","30625.95","29328.26","2026-09-04 16:43:41.501","2026-09-04"
"130","130","65","Lunch Box","kitchen-accessories","2","12.99","25.98","10.34","23.29","30625.95","29328.26","2026-09-04 16:43:41.501","2026-09-04"
"130","130","167","300 Touring","vehicle","1","28999.99","28999.99","3.98","27845.79","30625.95","29328.26","2026-09-04 16:43:41.501","2026-09-04"
"131","131","10","Gucci Bloom Eau de","fragrances","3","79.99","239.96999999999997","14.39","205.44","3702.71","3474.09","2026-09-04 16:43:41.501","2026-09-04"
"131","131","35","Potatoes","groceries","3","2.29","6.87","5.38","6.5","3702.71","3474.09","2026-09-04 16:43:41.501","2026-09-04"
"131","131","65","Lunch Box","kitchen-accessories","2","12.99","25.98","10.34","23.29","3702.71","3474.09","2026-09-04 16:43:41.501","2026-09-04"
"131","131","90","Puma Future Rider Trainers","mens-shoes","2","89.99","179.98","4.2","172.42","3702.71","3474.09","2026-09-04 16:43:41.501","2026-09-04"
"131","131","93","Brown Leather Belt Watch","mens-watches","5","89.99","449.95","5.99","423.0","3702.71","3474.09","2026-09-04 16:43:41.501","2026-09-04"
"131","131","133","Samsung Galaxy S10","smartphones","4","699.99","2799.96","5.59","2643.44","3702.71","3474.09","2026-09-04 16:43:41.501","2026-09-04"
"132","132","12","Annibale Colombo Sofa","furniture","5","2499.99","12499.949999999999","14.4","10699.96","13411.81","11523.23","2026-09-04 16:43:41.501","2026-09-04"
"132","132","51","Boxed Blender","kitchen-accessories","3","39.99","119.97","7.26","111.26","13411.81","11523.23","2026-09-04 16:43:41.501","2026-09-04"
"132","132","65","Lunch Box","kitchen-accessories","4","12.99","51.96","10.34","46.59","13411.81","11523.23","2026-09-04 16:43:41.501","2026-09-04"
"132","132","134","Vivo S1","smartphones","2","249.99","499.98","10.17","449.13","13411.81","11523.23","2026-09-04 16:43:41.501","2026-09-04"
"132","132","179","Corset With Black Skirt","womens-dresses","1","79.99","79.99","15.06","67.94","13411.81","11523.23","2026-09-04 16:43:41.501","2026-09-04"
"133","133","78","Apple MacBook Pro 14 Inch Space Grey","laptops","2","1999.99","3999.98","4.69","3812.38","9559.87","8818.7","2026-09-04 16:43:41.501","2026-09-04"
"133","133","152","Tennis Racket","sports-accessories","4","49.99","199.96","19.61","160.75","9559.87","8818.7","2026-09-04 16:43:41.501","2026-09-04"
"133","133","176","Women Handbag Black","womens-bags","2","59.99","119.98","11.63","106.03","9559.87","8818.7","2026-09-04 16:43:41.501","2026-09-04"
"133","133","190","IWC Ingenieur Automatic Steel","womens-watches","1","4999.99","4999.99","9.45","4527.49","9559.87","8818.7","2026-09-04 16:43:41.501","2026-09-04"
"134","134","34","Nescafe Coffee","groceries","4","7.99","31.96","1.59","31.45","2056.81","1740.76","2026-09-04 16:43:41.501","2026-09-04"
"134","134","103","Apple HomePod Mini Cosmic Grey","mobile-accessories","3","99.99","299.96999999999997","18.1","245.68","2056.81","1740.76","2026-09-04 16:43:41.501","2026-09-04"
"134","134","104","Apple iPhone Charger","mobile-accessories","3","19.99","59.97","18.52","48.86","2056.81","1740.76","2026-09-04 16:43:41.501","2026-09-04"
"134","134","126","Oppo F19 Pro Plus","smartphones","3","399.99","1199.97","18.64","976.3","2056.81","1740.76","2026-09-04 16:43:41.501","2026-09-04"
"134","134","173","Heshe Women's Leather Bag","womens-bags","3","129.99","389.97","3.87","374.88","2056.81","1740.76","2026-09-04 16:43:41.501","2026-09-04"
"134","134","183","Green Oval Earring","womens-jewellery","3","24.99","74.97","15.18","63.59","2056.81","1740.76","2026-09-04 16:43:41.501","2026-09-04"
"135","135","100","Apple Airpods","mobile-accessories","5","129.99","649.95","15.54","548.95","889.87","751.73","2026-09-04 16:43:41.501","2026-09-04"
"135","135","150","Metal Baseball Bat","sports-accessories","2","29.99","59.98","19.51","48.28","889.87","751.73","2026-09-04 16:43:41.501","2026-09-04"
"135","135","188","Pampi Shoes","womens-shoes","2","29.99","59.98","14.14","51.5","889.87","751.73","2026-09-04 16:43:41.501","2026-09-04"
"136","136","65","Lunch Box","kitchen-accessories","2","12.99","25.98","10.34","23.29","405.93","360.45","2026-09-04 16:43:41.501","2026-09-04"
"136","136","166","Tartan Dress","tops","3","39.99","119.97","12.95","104.43","405.93","360.45","2026-09-04 16:43:41.501","2026-09-04"
"136","136","177","Black Women's Gown","womens-dresses","2","129.99","259.98","10.48","232.73","405.93","360.45","2026-09-04 16:43:41.501","2026-09-04"
"137","137","43","Decoration Swing","home-decoration","3","59.99","179.97","10.41","161.24","12442.86","10941.81","2026-09-04 16:43:41.501","2026-09-04"
"137","137","56","Electric Stove","kitchen-accessories","2","49.99","99.98","14.04","85.94","12442.86","10941.81","2026-09-04 16:43:41.501","2026-09-04"
"137","137","87","Men Check Shirt","mens-shirts","5","27.99","139.95","11.38","124.02","12442.86","10941.81","2026-09-04 16:43:41.501","2026-09-04"
"137","137","113","Generic Motorcycle","motorcycle","3","3999.99","11999.97","12.1","10547.97","12442.86","10941.81","2026-09-04 16:43:41.501","2026-09-04"
"137","137","158","Sunglasses","sunglasses","1","22.99","22.99","1.51","22.64","12442.86","10941.81","2026-09-04 16:43:41.501","2026-09-04"
"138","138","117","Sportbike Motorcycle","motorcycle","2","7499.99","14999.98","11.58","13262.98","15029.93","13292.05","2026-09-04 16:43:41.501","2026-09-04"
"138","138","146","Feather Shuttlecock","sports-accessories","5","5.99","29.950000000000003","2.95","29.07","15029.93","13292.05","2026-09-04 16:43:41.501","2026-09-04"
"139","139","62","Ice Cube Tray","kitchen-accessories","2","5.99","11.98","0.63","11.9","36.97","36.17","2026-09-04 16:43:41.501","2026-09-04"
"139","139","139","Baseball Glove","sports-accessories","1","24.99","24.99","2.9","24.27","36.97","36.17","2026-09-04 16:43:41.501","2026-09-04"
"140","140","58","Fork","kitchen-accessories","4","3.99","15.96","8.07","14.67","643.91","614.71","2026-09-04 16:43:41.501","2026-09-04"
"140","140","87","Men Check Shirt","mens-shirts","1","27.99","27.99","11.38","24.8","643.91","614.71","2026-09-04 16:43:41.501","2026-09-04"
"140","140","88","Nike Air Jordan 1 Red And Black","mens-shoes","4","149.99","599.96","4.12","575.24","643.91","614.71","2026-09-04 16:43:41.501","2026-09-04"
"141","141","35","Potatoes","groceries","5","2.29","11.45","5.38","10.83","2991.36","2506.71","2026-09-04 16:43:41.501","2026-09-04"
"141","141","110","Selfie Lamp with iPhone","mobile-accessories","2","14.99","29.98","19.4","24.16","2991.36","2506.71","2026-09-04 16:43:41.501","2026-09-04"
"141","141","160","Samsung Galaxy Tab S8 Plus Grey","tablets","2","599.99","1199.98","13.31","1040.26","2991.36","2506.71","2026-09-04 16:43:41.501","2026-09-04"
"141","141","161","Samsung Galaxy Tab White","tablets","5","349.99","1749.95","18.2","1431.46","2991.36","2506.71","2026-09-04 16:43:41.501","2026-09-04"
"142","142","5","Red Nail Polish","beauty","4","8.99","35.96","11.44","31.85","2675.8","2499.07","2026-09-04 16:43:41.501","2026-09-04"
"142","142","51","Boxed Blender","kitchen-accessories","5","39.99","199.95000000000002","7.26","185.43","2675.8","2499.07","2026-09-04 16:43:41.501","2026-09-04"
"142","142","102","Apple Airpower Wireless Charger","mobile-accessories","3","79.99","239.96999999999997","4.48","229.22","2675.8","2499.07","2026-09-04 16:43:41.501","2026-09-04"
"142","142","112","TV Studio Camera Pedestal","mobile-accessories","2","499.99","999.98","8.31","916.88","2675.8","2499.07","2026-09-04 16:43:41.501","2026-09-04"
"142","142","159","iPad Mini 2021 Starlight","tablets","2","499.99","999.98","3.64","963.58","2675.8","2499.07","2026-09-04 16:43:41.501","2026-09-04"
"142","142","187","Golden Shoes Woman","womens-shoes","4","49.99","199.96","13.93","172.11","2675.8","2499.07","2026-09-04 16:43:41.501","2026-09-04"
"143","143","12","Annibale Colombo Sofa","furniture","4","2499.99","9999.96","14.4","8559.97","17609.79","15464.38","2026-09-04 16:43:41.501","2026-09-04"
"143","143","80","Huawei Matebook X Pro","laptops","5","1399.99","6999.95","9.38","6343.35","17609.79","15464.38","2026-09-04 16:43:41.501","2026-09-04"
"143","143","92","Sports Sneakers Off White Red","mens-shoes","2","109.99","219.98","0.04","219.89","17609.79","15464.38","2026-09-04 16:43:41.501","2026-09-04"
"143","143","149","Iron Golf","sports-accessories","3","49.99","149.97","6.53","140.18","17609.79","15464.38","2026-09-04 16:43:41.501","2026-09-04"
"143","143","150","Metal Baseball Bat","sports-accessories","4","29.99","119.96","19.51","96.56","17609.79","15464.38","2026-09-04 16:43:41.501","2026-09-04"
"143","143","166","Tartan Dress","tops","3","39.99","119.97","12.95","104.43","17609.79","15464.38","2026-09-04 16:43:41.501","2026-09-04"
"144","144","12","Annibale Colombo Sofa","furniture","1","2499.99","2499.99","14.4","2139.99","4269.05","3608.57","2026-09-04 16:43:41.501","2026-09-04"
"144","144","35","Potatoes","groceries","4","2.29","9.16","5.38","8.67","4269.05","3608.57","2026-09-04 16:43:41.501","2026-09-04"
"144","144","71","Silver Pot With Glass Cap","kitchen-accessories","3","39.99","119.97","5.7","113.13","4269.05","3608.57","2026-09-04 16:43:41.501","2026-09-04"
"144","144","132","Samsung Galaxy S8","smartphones","3","499.99","1499.97","19.45","1208.23","4269.05","3608.57","2026-09-04 16:43:41.501","2026-09-04"
"144","144","156","Green and Black Glasses","sunglasses","4","34.99","139.96","1.01","138.55","4269.05","3608.57","2026-09-04 16:43:41.501","2026-09-04"
"145","145","10","Gucci Bloom Eau de","fragrances","3","79.99","239.96999999999997","14.39","205.44","1153.84","1030.1","2026-09-04 16:43:41.501","2026-09-04"
"145","145","52","Carbon Steel Wok","kitchen-accessories","3","29.99","89.97","6.53","84.09","1153.84","1030.1","2026-09-04 16:43:41.501","2026-09-04"
"145","145","77","Yellow Peeler","kitchen-accessories","3","5.99","17.97","12.48","15.73","1153.84","1030.1","2026-09-04 16:43:41.501","2026-09-04"
"145","145","129","Realme X","smartphones","2","299.99","599.98","6.95","558.28","1153.84","1030.1","2026-09-04 16:43:41.501","2026-09-04"
"145","145","146","Feather Shuttlecock","sports-accessories","1","5.99","5.99","2.95","5.81","1153.84","1030.1","2026-09-04 16:43:41.501","2026-09-04"
"145","145","152","Tennis Racket","sports-accessories","4","49.99","199.96","19.61","160.75","1153.84","1030.1","2026-09-04 16:43:41.501","2026-09-04"
"146","146","18","Cat Food","groceries","5","8.99","44.95","9.58","40.64","562.82","506.06","2026-09-04 16:43:41.501","2026-09-04"
"146","146","76","Wooden Rolling Pin","kitchen-accessories","2","11.99","23.98","9.75","21.64","562.82","506.06","2026-09-04 16:43:41.501","2026-09-04"
"146","146","102","Apple Airpower Wireless Charger","mobile-accessories","3","79.99","239.96999999999997","4.48","229.22","562.82","506.06","2026-09-04 16:43:41.501","2026-09-04"
"146","146","137","American Football","sports-accessories","2","19.99","39.98","4.93","38.01","562.82","506.06","2026-09-04 16:43:41.501","2026-09-04"
"146","146","151","Tennis Ball","sports-accessories","2","6.99","13.98","11.76","12.34","562.82","506.06","2026-09-04 16:43:41.501","2026-09-04"
"146","146","172","Blue Women's Handbag","womens-bags","4","49.99","199.96","17.88","164.21","562.82","506.06","2026-09-04 16:43:41.501","2026-09-04"
"147","147","7","Chanel Coco Noir Eau De","fragrances","5","129.99","649.95","16.51","542.64","2102.83","1898.14","2026-09-04 16:43:41.501","2026-09-04"
"147","147","42","Water","groceries","3","0.99","2.9699999999999998","14.92","2.53","2102.83","1898.14","2026-09-04 16:43:41.501","2026-09-04"
"147","147","107","Beats Flex Wireless Earphones","mobile-accessories","5","49.99","249.95000000000002","5.73","235.63","2102.83","1898.14","2026-09-04 16:43:41.501","2026-09-04"
"147","147","122","iPhone 6","smartphones","1","299.99","299.99","6.69","279.92","2102.83","1898.14","2026-09-04 16:43:41.501","2026-09-04"
"147","147","129","Realme X","smartphones","3","299.99","899.97","6.95","837.42","2102.83","1898.14","2026-09-04 16:43:41.501","2026-09-04"
"148","148","32","Milk","groceries","2","3.49","6.98","13.74","6.02","71.93","58.55","2026-09-04 16:43:41.501","2026-09-04"
"148","148","111","Selfie Stick Monopod","mobile-accessories","5","12.99","64.95","19.12","52.53","71.93","58.55","2026-09-04 16:43:41.501","2026-09-04"
"149","149","28","Ice Cream","groceries","5","5.49","27.450000000000003","8.69","25.06","39227.33","34702.26","2026-09-04 16:43:41.501","2026-09-04"
"149","149","91","Sports Sneakers Off White & Red","mens-shoes","5","119.99","599.9499999999999","4.97","570.13","39227.33","34702.26","2026-09-04 16:43:41.501","2026-09-04"
"149","149","101","Apple AirPods Max Silver","mobile-accessories","2","549.99","1099.98","13.67","949.61","39227.33","34702.26","2026-09-04 16:43:41.501","2026-09-04"
"149","149","117","Sportbike Motorcycle","motorcycle","5","7499.99","37499.95","11.58","33157.46","39227.33","34702.26","2026-09-04 16:43:41.501","2026-09-04"
"150","150","32","Milk","groceries","5","3.49","17.450000000000003","13.74","15.05","1029.42","989.15","2026-09-04 16:43:41.501","2026-09-04"
"150","150","153","Volleyball","sports-accessories","1","11.99","11.99","12.25","10.52","1029.42","989.15","2026-09-04 16:43:41.501","2026-09-04"
"150","150","159","iPad Mini 2021 Starlight","tablets","2","499.99","999.98","3.64","963.58","1029.42","989.15","2026-09-04 16:43:41.501","2026-09-04"
"151","151","2","Eyeshadow Palette with Mirror","beauty","3","19.99","59.97","18.19","49.06","247.85","222.39","2026-09-04 16:43:41.501","2026-09-04"
"151","151","21","Cucumber","groceries","4","1.49","5.96","0.16","5.95","247.85","222.39","2026-09-04 16:43:41.501","2026-09-04"
"151","151","38","Rice","groceries","2","5.99","11.98","9.29","10.87","247.85","222.39","2026-09-04 16:43:41.501","2026-09-04"
"151","151","52","Carbon Steel Wok","kitchen-accessories","5","29.99","149.95","6.53","140.16","247.85","222.39","2026-09-04 16:43:41.501","2026-09-04"
"152","152","108","iPhone 12 Silicone Case with MagSafe Plum","mobile-accessories","4","29.99","119.96","13.85","103.35","4119.91","3369.71","2026-09-04 16:43:41.501","2026-09-04"
"152","152","193","Watch Gold for Women","womens-watches","5","799.99","3999.95","18.34","3266.36","4119.91","3369.71","2026-09-04 16:43:41.501","2026-09-04"
"153","153","7","Chanel Coco Noir Eau De","fragrances","2","129.99","259.98","16.51","217.06","4309.85","3678.46","2026-09-04 16:43:41.501","2026-09-04"
"153","153","80","Huawei Matebook X Pro","laptops","1","1399.99","1399.99","9.38","1268.67","4309.85","3678.46","2026-09-04 16:43:41.501","2026-09-04"
"153","153","110","Selfie Lamp with iPhone","mobile-accessories","1","14.99","14.99","19.4","12.08","4309.85","3678.46","2026-09-04 16:43:41.501","2026-09-04"
"153","153","120","Vaseline Men Body and Face Lotion","skin-care","3","9.99","29.97","13.39","25.96","4309.85","3678.46","2026-09-04 16:43:41.501","2026-09-04"
"153","153","136","Vivo X21","smartphones","5","499.99","2499.95","17.41","2064.71","4309.85","3678.46","2026-09-04 16:43:41.501","2026-09-04"
"153","153","164","Gray Dress","tops","3","34.99","104.97","14.28","89.98","4309.85","3678.46","2026-09-04 16:43:41.501","2026-09-04"
"154","154","29","Juice","groceries","1","3.99","3.99","12.06","3.51","573.92","532.54","2026-09-04 16:43:41.501","2026-09-04"
"154","154","93","Brown Leather Belt Watch","mens-watches","5","89.99","449.95","5.99","423.0","573.92","532.54","2026-09-04 16:43:41.501","2026-09-04"
"154","154","176","Women Handbag Black","womens-bags","2","59.99","119.98","11.63","106.03","573.92","532.54","2026-09-04 16:43:41.501","2026-09-04"
"155","155","36","Protein Powder","groceries","2","19.99","39.98","7.59","36.95","131224.81","110543.89","2026-09-04 16:43:41.501","2026-09-04"
"155","155","71","Silver Pot With Glass Cap","kitchen-accessories","4","39.99","159.96","5.7","150.84","131224.81","110543.89","2026-09-04 16:43:41.501","2026-09-04"
"155","155","74","Spoon","kitchen-accessories","5","4.99","24.950000000000003","1.53","24.57","131224.81","110543.89","2026-09-04 16:43:41.501","2026-09-04"
"155","155","113","Generic Motorcycle","motorcycle","5","3999.99","19999.949999999997","12.1","17579.96","131224.81","110543.89","2026-09-04 16:43:41.501","2026-09-04"
"155","155","170","Durango SXT RWD","vehicle","3","36999.99","110999.97","16.44","92751.57","131224.81","110543.89","2026-09-04 16:43:41.501","2026-09-04"
"156","156","67","Mug Tree Stand","kitchen-accessories","4","15.99","63.96","9.25","58.04","2643.86","2422.79","2026-09-04 16:43:41.501","2026-09-04"
"156","156","112","TV Studio Camera Pedestal","mobile-accessories","5","499.99","2499.95","8.31","2292.2","2643.86","2422.79","2026-09-04 16:43:41.501","2026-09-04"
"157","157","16","Apple","groceries","1","1.99","1.99","12.62","1.74","6.98","6.65","2026-09-04 16:43:41.501","2026-09-04"
"157","157","74","Spoon","kitchen-accessories","1","4.99","4.99","1.53","4.91","6.98","6.65","2026-09-04 16:43:41.501","2026-09-04"
"158","158","6","Calvin Klein CK One","fragrances","5","49.99","249.95000000000002","1.89","245.23","1169.89","1079.68","2026-09-04 16:43:41.501","2026-09-04"
"158","158","13","Bedside Table African Cherry","furniture","1","299.99","299.99","19.09","242.72","1169.89","1079.68","2026-09-04 16:43:41.501","2026-09-04"
"158","158","14","Knoll Saarinen Executive Conference Chair","furniture","1","499.99","499.99","2.01","489.94","1169.89","1079.68","2026-09-04 16:43:41.501","2026-09-04"
"158","158","44","Family Tree Photo Frame","home-decoration","1","29.99","29.99","14.87","25.53","1169.89","1079.68","2026-09-04 16:43:41.501","2026-09-04"
"158","158","182","Green Crystal Earring","womens-jewellery","3","29.99","89.97","15.24","76.26","1169.89","1079.68","2026-09-04 16:43:41.501","2026-09-04"
"159","159","56","Electric Stove","kitchen-accessories","1","49.99","49.99","14.04","42.97","451.84","396.92","2026-09-04 16:43:41.501","2026-09-04"
"159","159","68","Pan","kitchen-accessories","5","24.99","124.94999999999999","3.0","121.2","451.84","396.92","2026-09-04 16:43:41.501","2026-09-04"
"159","159","105","Apple MagSafe Battery Pack","mobile-accessories","1","99.99","99.99","17.17","82.82","451.84","396.92","2026-09-04 16:43:41.501","2026-09-04"
"159","159","119","Olay Ultra Moisture Shea Butter Body Wash","skin-care","4","12.99","51.96","16.39","43.44","451.84","396.92","2026-09-04 16:43:41.501","2026-09-04"
"159","159","148","Golf Ball","sports-accessories","2","9.99","19.98","17.37","16.51","451.84","396.92","2026-09-04 16:43:41.501","2026-09-04"
"159","159","164","Gray Dress","tops","3","34.99","104.97","14.28","89.98","451.84","396.92","2026-09-04 16:43:41.501","2026-09-04"
"160","160","66","Microwave Oven","kitchen-accessories","1","89.99","89.99","12.13","79.07","164.96","142.66","2026-09-04 16:43:41.501","2026-09-04"
"160","160","183","Green Oval Earring","womens-jewellery","3","24.99","74.97","15.18","63.59","164.96","142.66","2026-09-04 16:43:41.501","2026-09-04"
"161","161","68","Pan","kitchen-accessories","2","24.99","49.98","3.0","48.48","2339.82","2168.95","2026-09-04 16:43:41.501","2026-09-04"
"161","161","105","Apple MagSafe Battery Pack","mobile-accessories","4","99.99","399.96","17.17","331.29","2339.82","2168.95","2026-09-04 16:43:41.501","2026-09-04"
"161","161","156","Green and Black Glasses","sunglasses","4","34.99","139.96","1.01","138.55","2339.82","2168.95","2026-09-04 16:43:41.501","2026-09-04"
"161","161","159","iPad Mini 2021 Starlight","tablets","3","499.99","1499.97","3.64","1445.37","2339.82","2168.95","2026-09-04 16:43:41.501","2026-09-04"
"161","161","172","Blue Women's Handbag","womens-bags","5","49.99","249.95000000000002","17.88","205.26","2339.82","2168.95","2026-09-04 16:43:41.501","2026-09-04"
"162","162","112","TV Studio Camera Pedestal","mobile-accessories","4","499.99","1999.96","8.31","1833.76","3236.87","2982.32","2026-09-04 16:43:41.501","2026-09-04"
"162","162","118","Attitude Super Leaves Hand Soap","skin-care","1","8.99","8.99","18.49","7.33","3236.87","2982.32","2026-09-04 16:43:41.501","2026-09-04"
"162","162","129","Realme X","smartphones","4","299.99","1199.96","6.95","1116.56","3236.87","2982.32","2026-09-04 16:43:41.501","2026-09-04"
"162","162","151","Tennis Ball","sports-accessories","4","6.99","27.96","11.76","24.67","3236.87","2982.32","2026-09-04 16:43:41.501","2026-09-04"
"163","163","6","Calvin Klein CK One","fragrances","1","49.99","49.99","1.89","49.05","1494.86","1248.15","2026-09-04 16:43:41.501","2026-09-04"
"163","163","8","Dior J'adore","fragrances","5","89.99","449.95","14.72","383.72","1494.86","1248.15","2026-09-04 16:43:41.501","2026-09-04"
"163","163","13","Bedside Table African Cherry","furniture","3","299.99","899.97","19.09","728.17","1494.86","1248.15","2026-09-04 16:43:41.501","2026-09-04"
"163","163","33","Mulberry","groceries","3","4.99","14.97","12.87","13.04","1494.86","1248.15","2026-09-04 16:43:41.501","2026-09-04"
"163","163","51","Boxed Blender","kitchen-accessories","2","39.99","79.98","7.26","74.17","1494.86","1248.15","2026-09-04 16:43:41.501","2026-09-04"
"164","164","27","Honey Jar","groceries","4","6.99","27.96","14.4","23.93","227.88","195.93","2026-09-04 16:43:41.501","2026-09-04"
"164","164","46","Plant Pot","home-decoration","4","14.99","59.96","6.84","55.86","227.88","195.93","2026-09-04 16:43:41.501","2026-09-04"
"164","164","61","Hand Blender","kitchen-accessories","4","34.99","139.96","17.02","116.14","227.88","195.93","2026-09-04 16:43:41.501","2026-09-04"
"165","165","46","Plant Pot","home-decoration","1","14.99","14.99","6.84","13.96","20196.86","17751.61","2026-09-04 16:43:41.501","2026-09-04"
"165","165","73","Spice Rack","kitchen-accessories","3","19.99","59.97","12.09","52.72","20196.86","17751.61","2026-09-04 16:43:41.501","2026-09-04"
"165","165","76","Wooden Rolling Pin","kitchen-accessories","1","11.99","11.99","9.75","10.82","20196.86","17751.61","2026-09-04 16:43:41.501","2026-09-04"
"165","165","109","Monopod","mobile-accessories","2","19.99","39.98","8.58","36.55","20196.86","17751.61","2026-09-04 16:43:41.501","2026-09-04"
"165","165","113","Generic Motorcycle","motorcycle","5","3999.99","19999.949999999997","12.1","17579.96","20196.86","17751.61","2026-09-04 16:43:41.501","2026-09-04"
"165","165","189","Red Shoes","womens-shoes","2","34.99","69.98","17.69","57.6","20196.86","17751.61","2026-09-04 16:43:41.501","2026-09-04"
"166","166","175","White Faux Leather Backpack","womens-bags","2","39.99","79.98","15.2","67.82","129.97","108.97","2026-09-04 16:43:41.501","2026-09-04"
"166","166","180","Dress Pea","womens-dresses","1","49.99","49.99","17.68","41.15","129.97","108.97","2026-09-04 16:43:41.501","2026-09-04"
"167","167","21","Cucumber","groceries","1","1.49","1.49","0.16","1.49","48201.41","46202.72","2026-09-04 16:43:41.501","2026-09-04"
"167","167","166","Tartan Dress","tops","5","39.99","199.95000000000002","12.95","174.06","48201.41","46202.72","2026-09-04 16:43:41.501","2026-09-04"
"167","167","191","Rolex Cellini Moonphase","womens-watches","3","15999.99","47999.97","4.11","46027.17","48201.41","46202.72","2026-09-04 16:43:41.501","2026-09-04"
"168","168","50","Black Whisk","kitchen-accessories","4","9.99","39.96","10.24","35.87","99.94","91.93","2026-09-04 16:43:41.501","2026-09-04"
"168","168","52","Carbon Steel Wok","kitchen-accessories","2","29.99","59.98","6.53","56.06","99.94","91.93","2026-09-04 16:43:41.501","2026-09-04"
"169","169","95","Rolex Cellini Date Black Dial","mens-watches","4","8999.99","35999.96","8.88","32803.16","36799.95","33456.43","2026-09-04 16:43:41.501","2026-09-04"
"169","169","193","Watch Gold for Women","womens-watches","1","799.99","799.99","18.34","653.27","36799.95","33456.43","2026-09-04 16:43:41.501","2026-09-04"
"170","170","8","Dior J'adore","fragrances","1","89.99","89.99","14.72","76.74","1829.86","1512.89","2026-09-04 16:43:41.501","2026-09-04"
"170","170","9","Dolce Shine Eau de","fragrances","1","69.99","69.99","0.62","69.56","1829.86","1512.89","2026-09-04 16:43:41.501","2026-09-04"
"170","170","46","Plant Pot","home-decoration","3","14.99","44.97","6.84","41.89","1829.86","1512.89","2026-09-04 16:43:41.501","2026-09-04"
"170","170","59","Glass","kitchen-accessories","5","4.99","24.950000000000003","7.92","22.97","1829.86","1512.89","2026-09-04 16:43:41.501","2026-09-04"
"170","170","126","Oppo F19 Pro Plus","smartphones","4","399.99","1599.96","18.64","1301.73","1829.86","1512.89","2026-09-04 16:43:41.501","2026-09-04"
"171","171","157","Party Glasses","sunglasses","1","19.99","19.99","11.22","17.75","219.94","191.81","2026-09-04 16:43:41.501","2026-09-04"
"171","171","166","Tartan Dress","tops","5","39.99","199.95000000000002","12.95","174.06","219.94","191.81","2026-09-04 16:43:41.501","2026-09-04"
"172","172","1","Essence Mascara Lash Princess","beauty","2","9.99","19.98","10.48","17.89","574.89","495.78","2026-09-04 16:43:41.501","2026-09-04"
"172","172","8","Dior J'adore","fragrances","1","89.99","89.99","14.72","76.74","574.89","495.78","2026-09-04 16:43:41.501","2026-09-04"
"172","172","24","Fish Steak","groceries","5","14.99","74.95","4.23","71.78","574.89","495.78","2026-09-04 16:43:41.501","2026-09-04"
"172","172","100","Apple Airpods","mobile-accessories","3","129.99","389.97","15.54","329.37","574.89","495.78","2026-09-04 16:43:41.501","2026-09-04"
"173","173","37","Red Onions","groceries","2","1.99","3.98","9.9","3.59","17785.88","16911.51","2026-09-04 16:43:41.501","2026-09-04"
"173","173","63","Kitchen Sieve","kitchen-accessories","4","7.99","31.96","18.91","25.92","17785.88","16911.51","2026-09-04 16:43:41.501","2026-09-04"
"173","173","106","Apple Watch Series 4 Gold","mobile-accessories","5","349.99","1749.95","12.02","1539.61","17785.88","16911.51","2026-09-04 16:43:41.501","2026-09-04"
"173","173","191","Rolex Cellini Moonphase","womens-watches","1","15999.99","15999.99","4.11","15342.39","17785.88","16911.51","2026-09-04 16:43:41.501","2026-09-04"
"174","174","27","Honey Jar","groceries","3","6.99","20.97","14.4","17.95","752.77","701.39","2026-09-04 16:43:41.501","2026-09-04"
"174","174","39","Soft Drinks","groceries","2","1.99","3.98","17.48","3.28","752.77","701.39","2026-09-04 16:43:41.501","2026-09-04"
"174","174","54","Citrus Squeezer Yellow","kitchen-accessories","4","8.99","35.96","12.1","31.61","752.77","701.39","2026-09-04 16:43:41.501","2026-09-04"
"174","174","83","Blue & Black Check Shirt","mens-shirts","5","29.99","149.95","15.35","126.93","752.77","701.39","2026-09-04 16:43:41.501","2026-09-04"
"174","174","90","Puma Future Rider Trainers","mens-shoes","5","89.99","449.95","4.2","431.05","752.77","701.39","2026-09-04 16:43:41.501","2026-09-04"
"174","174","158","Sunglasses","sunglasses","4","22.99","91.96","1.51","90.57","752.77","701.39","2026-09-04 16:43:41.501","2026-09-04"
"175","175","99","Amazon Echo Plus","mobile-accessories","2","99.99","199.98","12.07","175.84","349.97","302.88","2026-09-04 16:43:41.501","2026-09-04"
"175","175","128","Realme C35","smartphones","1","149.99","149.99","15.3","127.04","349.97","302.88","2026-09-04 16:43:41.501","2026-09-04"
"176","176","19","Chicken Meat","groceries","2","9.99","19.98","13.7","17.24","269.93","218.17","2026-09-04 16:43:41.501","2026-09-04"
"176","176","152","Tennis Racket","sports-accessories","5","49.99","249.95000000000002","19.61","200.93","269.93","218.17","2026-09-04 16:43:41.501","2026-09-04"
"177","177","14","Knoll Saarinen Executive Conference Chair","furniture","4","499.99","1999.96","2.01","1959.76","2399.91","2299.48","2026-09-04 16:43:41.501","2026-09-04"
"177","177","179","Corset With Black Skirt","womens-dresses","5","79.99","399.95","15.06","339.72","2399.91","2299.48","2026-09-04 16:43:41.501","2026-09-04"
"178","178","4","Red Lipstick","beauty","2","12.99","25.98","12.16","22.82","6785.79","5846.4","2026-09-04 16:43:41.501","2026-09-04"
"178","178","12","Annibale Colombo Sofa","furniture","2","2499.99","4999.98","14.4","4279.98","6785.79","5846.4","2026-09-04 16:43:41.501","2026-09-04"
"178","178","43","Decoration Swing","home-decoration","4","59.99","239.96","10.41","214.98","6785.79","5846.4","2026-09-04 16:43:41.501","2026-09-04"
"178","178","93","Brown Leather Belt Watch","mens-watches","3","89.99","269.96999999999997","5.99","253.8","6785.79","5846.4","2026-09-04 16:43:41.501","2026-09-04"
"178","178","99","Amazon Echo Plus","mobile-accessories","5","99.99","499.95","12.07","439.61","6785.79","5846.4","2026-09-04 16:43:41.501","2026-09-04"
"178","178","128","Realme C35","smartphones","5","149.99","749.95","15.3","635.21","6785.79","5846.4","2026-09-04 16:43:41.501","2026-09-04"
"179","179","32","Milk","groceries","3","3.49","10.47","13.74","9.03","27567.34","25098.32","2026-09-04 16:43:41.501","2026-09-04"
"179","179","83","Blue & Black Check Shirt","mens-shirts","4","29.99","119.96","15.35","101.55","27567.34","25098.32","2026-09-04 16:43:41.501","2026-09-04"
"179","179","88","Nike Air Jordan 1 Red And Black","mens-shoes","1","149.99","149.99","4.12","143.81","27567.34","25098.32","2026-09-04 16:43:41.501","2026-09-04"
"179","179","95","Rolex Cellini Date Black Dial","mens-watches","3","8999.99","26999.97","8.88","24602.37","27567.34","25098.32","2026-09-04 16:43:41.501","2026-09-04"
"179","179","100","Apple Airpods","mobile-accessories","2","129.99","259.98","15.54","219.58","27567.34","25098.32","2026-09-04 16:43:41.501","2026-09-04"
"179","179","118","Attitude Super Leaves Hand Soap","skin-care","3","8.99","26.97","18.49","21.98","27567.34","25098.32","2026-09-04 16:43:41.501","2026-09-04"
"180","180","26","Green Chili Pepper","groceries","2","0.99","1.98","1.0","1.96","6.97","6.87","2026-09-04 16:43:41.501","2026-09-04"
"180","180","74","Spoon","kitchen-accessories","1","4.99","4.99","1.53","4.91","6.97","6.87","2026-09-04 16:43:41.501","2026-09-04"
"181","181","48","Bamboo Spatula","kitchen-accessories","1","7.99","7.99","2.84","7.76","4707.94","4138.32","2026-09-04 16:43:41.501","2026-09-04"
"181","181","82","New DELL XPS 13 9300 Laptop","laptops","3","1499.99","4499.97","11.89","3964.92","4707.94","4138.32","2026-09-04 16:43:41.501","2026-09-04"
"181","181","105","Apple MagSafe Battery Pack","mobile-accessories","2","99.99","199.98","17.17","165.64","4707.94","4138.32","2026-09-04 16:43:41.501","2026-09-04"
"182","182","47","Table Lamp","home-decoration","4","49.99","199.96","7.09","185.78","3411.8","3195.45","2026-09-04 16:43:41.501","2026-09-04"
"182","182","67","Mug Tree Stand","kitchen-accessories","5","15.99","79.95","9.25","72.55","3411.8","3195.45","2026-09-04 16:43:41.501","2026-09-04"
"182","182","69","Plate","kitchen-accessories","3","3.99","11.97","7.31","11.09","3411.8","3195.45","2026-09-04 16:43:41.501","2026-09-04"
"182","182","129","Realme X","smartphones","3","299.99","899.97","6.95","837.42","3411.8","3195.45","2026-09-04 16:43:41.501","2026-09-04"
"182","182","133","Samsung Galaxy S10","smartphones","3","699.99","2099.9700000000003","5.59","1982.58","3411.8","3195.45","2026-09-04 16:43:41.501","2026-09-04"
"182","182","176","Women Handbag Black","womens-bags","2","59.99","119.98","11.63","106.03","3411.8","3195.45","2026-09-04 16:43:41.501","2026-09-04"
"183","183","63","Kitchen Sieve","kitchen-accessories","5","7.99","39.95","18.91","32.4","62954.84","59760.67","2026-09-04 16:43:41.501","2026-09-04"
"183","183","64","Knife","kitchen-accessories","1","14.99","14.99","18.86","12.16","62954.84","59760.67","2026-09-04 16:43:41.501","2026-09-04"
"183","183","136","Vivo X21","smartphones","5","499.99","2499.95","17.41","2064.71","62954.84","59760.67","2026-09-04 16:43:41.501","2026-09-04"
"183","183","167","300 Touring","vehicle","2","28999.99","57999.98","3.98","55691.58","62954.84","59760.67","2026-09-04 16:43:41.501","2026-09-04"
"183","183","193","Watch Gold for Women","womens-watches","3","799.99","2399.9700000000003","18.34","1959.82","62954.84","59760.67","2026-09-04 16:43:41.501","2026-09-04"
"184","184","67","Mug Tree Stand","kitchen-accessories","1","15.99","15.99","9.25","14.51","14015.98","13307.5","2026-09-04 16:43:41.501","2026-09-04"
"184","184","98","Rolex Submariner Watch","mens-watches","1","13999.99","13999.99","5.05","13292.99","14015.98","13307.5","2026-09-04 16:43:41.501","2026-09-04"
"185","185","33","Mulberry","groceries","1","4.99","4.99","12.87","4.35","1404.95","1243.17","2026-09-04 16:43:41.501","2026-09-04"
"185","185","130","Realme XT","smartphones","4","349.99","1399.96","11.51","1238.82","1404.95","1243.17","2026-09-04 16:43:41.501","2026-09-04"
"186","186","70","Red Tongs","kitchen-accessories","5","6.99","34.95","14.52","29.88","364.92","359.72","2026-09-04 16:43:41.501","2026-09-04"
"186","186","92","Sports Sneakers Off White Red","mens-shoes","3","109.99","329.96999999999997","0.04","329.84","364.92","359.72","2026-09-04 16:43:41.501","2026-09-04"
"187","187","10","Gucci Bloom Eau de","fragrances","1","79.99","79.99","14.39","68.48","10844.88","9255.33","2026-09-04 16:43:41.501","2026-09-04"
"187","187","12","Annibale Colombo Sofa","furniture","4","2499.99","9999.96","14.4","8559.97","10844.88","9255.33","2026-09-04 16:43:41.501","2026-09-04"
"187","187","119","Olay Ultra Moisture Shea Butter Body Wash","skin-care","5","12.99","64.95","16.39","54.3","10844.88","9255.33","2026-09-04 16:43:41.501","2026-09-04"
"187","187","161","Samsung Galaxy Tab White","tablets","2","349.99","699.98","18.2","572.58","10844.88","9255.33","2026-09-04 16:43:41.501","2026-09-04"
"188","188","2","Eyeshadow Palette with Mirror","beauty","1","19.99","19.99","18.19","16.35","184.92","171.55","2026-09-04 16:43:41.501","2026-09-04"
"188","188","166","Tartan Dress","tops","1","39.99","39.99","12.95","34.81","184.92","171.55","2026-09-04 16:43:41.501","2026-09-04"
"188","188","183","Green Oval Earring","womens-jewellery","1","24.99","24.99","15.18","21.2","184.92","171.55","2026-09-04 16:43:41.501","2026-09-04"
"188","188","184","Tropical Earring","womens-jewellery","5","19.99","99.94999999999999","0.76","99.19","184.92","171.55","2026-09-04 16:43:41.501","2026-09-04"
"189","189","8","Dior J'adore","fragrances","4","89.99","359.96","14.72","306.97","1289.92","1172.57","2026-09-04 16:43:41.501","2026-09-04"
"189","189","108","iPhone 12 Silicone Case with MagSafe Plum","mobile-accessories","1","29.99","29.99","13.85","25.84","1289.92","1172.57","2026-09-04 16:43:41.501","2026-09-04"
"189","189","122","iPhone 6","smartphones","3","299.99","899.97","6.69","839.76","1289.92","1172.57","2026-09-04 16:43:41.501","2026-09-04"
"190","190","98","Rolex Submariner Watch","mens-watches","4","13999.99","55999.96","5.05","53171.96","56079.92","53242.95","2026-09-04 16:43:41.501","2026-09-04"
"190","190","157","Party Glasses","sunglasses","4","19.99","79.96","11.22","70.99","56079.92","53242.95","2026-09-04 16:43:41.501","2026-09-04"
"191","191","7","Chanel Coco Noir Eau De","fragrances","3","129.99","389.97","16.51","325.59","43489.89","36399.0","2026-09-04 16:43:41.501","2026-09-04"
"191","191","45","House Showpiece Plant","home-decoration","2","39.99","79.98","7.46","74.01","43489.89","36399.0","2026-09-04 16:43:41.501","2026-09-04"
"191","191","78","Apple MacBook Pro 14 Inch Space Grey","laptops","2","1999.99","3999.98","4.69","3812.38","43489.89","36399.0","2026-09-04 16:43:41.501","2026-09-04"
"191","191","96","Rolex Cellini Moonphase","mens-watches","3","12999.99","38999.97","17.52","32167.18","43489.89","36399.0","2026-09-04 16:43:41.501","2026-09-04"
"191","191","184","Tropical Earring","womens-jewellery","1","19.99","19.99","0.76","19.84","43489.89","36399.0","2026-09-04 16:43:41.501","2026-09-04"
"192","192","1","Essence Mascara Lash Princess","beauty","3","9.99","29.97","10.48","26.83","70627.3","67061.66","2026-09-04 16:43:41.501","2026-09-04"
"192","192","28","Ice Cream","groceries","5","5.49","27.450000000000003","8.69","25.06","70627.3","67061.66","2026-09-04 16:43:41.501","2026-09-04"
"192","192","43","Decoration Swing","home-decoration","4","59.99","239.96","10.41","214.98","70627.3","67061.66","2026-09-04 16:43:41.501","2026-09-04"
"192","192","92","Sports Sneakers Off White Red","mens-shoes","3","109.99","329.96999999999997","0.04","329.84","70627.3","67061.66","2026-09-04 16:43:41.501","2026-09-04"
"192","192","98","Rolex Submariner Watch","mens-watches","5","13999.99","69999.95","5.05","66464.95","70627.3","67061.66","2026-09-04 16:43:41.501","2026-09-04"
"193","193","2","Eyeshadow Palette with Mirror","beauty","1","19.99","19.99","18.19","16.35","655.8","565.46","2026-09-04 16:43:41.501","2026-09-04"
"193","193","26","Green Chili Pepper","groceries","5","0.99","4.95","1.0","4.9","655.8","565.46","2026-09-04 16:43:41.501","2026-09-04"
"193","193","59","Glass","kitchen-accessories","5","4.99","24.950000000000003","7.92","22.97","655.8","565.46","2026-09-04 16:43:41.501","2026-09-04"
"193","193","100","Apple Airpods","mobile-accessories","4","129.99","519.96","15.54","439.16","655.8","565.46","2026-09-04 16:43:41.501","2026-09-04"
"193","193","138","Baseball Ball","sports-accessories","4","8.99","35.96","1.71","35.35","655.8","565.46","2026-09-04 16:43:41.501","2026-09-04"
"193","193","149","Iron Golf","sports-accessories","1","49.99","49.99","6.53","46.73","655.8","565.46","2026-09-04 16:43:41.501","2026-09-04"
"194","194","17","Beef Steak","groceries","4","12.99","51.96","9.61","46.97","87090.9","83615.86","2026-09-04 16:43:41.501","2026-09-04"
"194","194","111","Selfie Stick Monopod","mobile-accessories","3","12.99","38.97","19.12","31.52","87090.9","83615.86","2026-09-04 16:43:41.501","2026-09-04"
"194","194","167","300 Touring","vehicle","3","28999.99","86999.97","3.98","83537.37","87090.9","83615.86","2026-09-04 16:43:41.501","2026-09-04"
"195","195","27","Honey Jar","groceries","4","6.99","27.96","14.4","23.93","44661.82","37543.81","2026-09-04 16:43:41.501","2026-09-04"
"195","195","43","Decoration Swing","home-decoration","1","59.99","59.99","10.41","53.75","44661.82","37543.81","2026-09-04 16:43:41.501","2026-09-04"
"195","195","60","Grater Black","kitchen-accessories","4","10.99","43.96","3.56","42.4","44661.82","37543.81","2026-09-04 16:43:41.501","2026-09-04"
"195","195","100","Apple Airpods","mobile-accessories","1","129.99","129.99","15.54","109.79","44661.82","37543.81","2026-09-04 16:43:41.501","2026-09-04"
"195","195","103","Apple HomePod Mini Cosmic Grey","mobile-accessories","4","99.99","399.96","18.1","327.57","44661.82","37543.81","2026-09-04 16:43:41.501","2026-09-04"
"195","195","192","Rolex Datejust Women","womens-watches","4","10999.99","43999.96","15.94","36986.37","44661.82","37543.81","2026-09-04 16:43:41.501","2026-09-04"
"196","196","1","Essence Mascara Lash Princess","beauty","5","9.99","49.95","10.48","44.72","75209.82","70006.8","2026-09-04 16:43:41.501","2026-09-04"
"196","196","24","Fish Steak","groceries","4","14.99","59.96","4.23","57.42","75209.82","70006.8","2026-09-04 16:43:41.501","2026-09-04"
"196","196","52","Carbon Steel Wok","kitchen-accessories","2","29.99","59.98","6.53","56.06","75209.82","70006.8","2026-09-04 16:43:41.501","2026-09-04"
"196","196","115","MotoGP CI.H1","motorcycle","5","14999.99","74999.95","6.92","69809.95","75209.82","70006.8","2026-09-04 16:43:41.501","2026-09-04"
"196","196","185","Black & Brown Slipper","womens-shoes","2","19.99","39.98","3.33","38.65","75209.82","70006.8","2026-09-04 16:43:41.501","2026-09-04"
"197","197","18","Cat Food","groceries","4","8.99","35.96","9.58","32.52","58063.93","55748.9","2026-09-04 16:43:41.501","2026-09-04"
"197","197","87","Men Check Shirt","mens-shirts","1","27.99","27.99","11.38","24.8","58063.93","55748.9","2026-09-04 16:43:41.501","2026-09-04"
"197","197","167","300 Touring","vehicle","2","28999.99","57999.98","3.98","55691.58","58063.93","55748.9","2026-09-04 16:43:41.501","2026-09-04"
"198","198","36","Protein Powder","groceries","3","19.99","59.97","7.59","55.42","100565.86","92308.32","2026-09-04 16:43:41.501","2026-09-04"
"198","198","39","Soft Drinks","groceries","3","1.99","5.97","17.48","4.93","100565.86","92308.32","2026-09-04 16:43:41.501","2026-09-04"
"198","198","129","Realme X","smartphones","5","299.99","1499.95","6.95","1395.7","100565.86","92308.32","2026-09-04 16:43:41.501","2026-09-04"
"198","198","168","Charger SXT RWD","vehicle","3","32999.99","98999.97","8.23","90852.27","100565.86","92308.32","2026-09-04 16:43:41.501","2026-09-04"
"199","199","43","Decoration Swing","home-decoration","4","59.99","239.96","10.41","214.98","28239.94","26800.96","2026-09-04 16:43:41.501","2026-09-04"
"199","199","98","Rolex Submariner Watch","mens-watches","2","13999.99","27999.98","5.05","26585.98","28239.94","26800.96","2026-09-04 16:43:41.501","2026-09-04"
"200","200","44","Family Tree Photo Frame","home-decoration","3","29.99","89.97","14.87","76.59","22694.77","21783.54","2026-09-04 16:43:41.501","2026-09-04"
"200","200","87","Men Check Shirt","mens-shirts","5","27.99","139.95","11.38","124.02","22694.77","21783.54","2026-09-04 16:43:41.501","2026-09-04"
"200","200","97","Rolex Datejust","mens-watches","2","10999.99","21999.98","3.73","21179.38","22694.77","21783.54","2026-09-04 16:43:41.501","2026-09-04"
"200","200","142","Cricket Ball","sports-accessories","5","12.99","64.95","8.63","59.34","22694.77","21783.54","2026-09-04 16:43:41.501","2026-09-04"
"200","200","187","Golden Shoes Woman","womens-shoes","3","49.99","149.97","13.93","129.08","22694.77","21783.54","2026-09-04 16:43:41.501","2026-09-04"
"201","201","28","Ice Cream","groceries","5","5.49","27.450000000000003","8.69","25.06","128096.37","109195.89","2026-09-04 16:43:41.501","2026-09-04"
"201","201","72","Slotted Turner","kitchen-accessories","1","8.99","8.99","13.35","7.79","128096.37","109195.89","2026-09-04 16:43:41.501","2026-09-04"
"201","201","86","Man Short Sleeve Shirt","mens-shirts","3","19.99","59.97","6.83","55.87","128096.37","109195.89","2026-09-04 16:43:41.501","2026-09-04"
"201","201","171","Pacifica Touring","vehicle","4","31999.99","127999.96","14.76","109107.17","128096.37","109195.89","2026-09-04 16:43:41.501","2026-09-04"
"202","202","19","Chicken Meat","groceries","5","9.99","49.95","13.7","43.11","23114.79","20545.55","2026-09-04 16:43:41.501","2026-09-04"
"202","202","65","Lunch Box","kitchen-accessories","1","12.99","12.99","10.34","11.65","23114.79","20545.55","2026-09-04 16:43:41.501","2026-09-04"
"202","202","112","TV Studio Camera Pedestal","mobile-accessories","1","499.99","499.99","8.31","458.44","23114.79","20545.55","2026-09-04 16:43:41.501","2026-09-04"
"202","202","113","Generic Motorcycle","motorcycle","5","3999.99","19999.949999999997","12.1","17579.96","23114.79","20545.55","2026-09-04 16:43:41.501","2026-09-04"
"202","202","119","Olay Ultra Moisture Shea Butter Body Wash","skin-care","4","12.99","51.96","16.39","43.44","23114.79","20545.55","2026-09-04 16:43:41.501","2026-09-04"
"202","202","159","iPad Mini 2021 Starlight","tablets","5","499.99","2499.95","3.64","2408.95","23114.79","20545.55","2026-09-04 16:43:41.501","2026-09-04"
"203","203","70","Red Tongs","kitchen-accessories","4","6.99","27.96","14.52","23.9","50.95","46.54","2026-09-04 16:43:41.501","2026-09-04"
"203","203","158","Sunglasses","sunglasses","1","22.99","22.99","1.51","22.64","50.95","46.54","2026-09-04 16:43:41.501","2026-09-04"
"204","204","38","Rice","groceries","2","5.99","11.98","9.29","10.87","25591.84","23182.99","2026-09-04 16:43:41.501","2026-09-04"
"204","204","91","Sports Sneakers Off White & Red","mens-shoes","2","119.99","239.98","4.97","228.05","25591.84","23182.99","2026-09-04 16:43:41.501","2026-09-04"
"204","204","141","Basketball Rim","sports-accessories","4","39.99","159.96","7.74","147.58","25591.84","23182.99","2026-09-04 16:43:41.501","2026-09-04"
"204","204","176","Women Handbag Black","womens-bags","3","59.99","179.97","11.63","159.04","25591.84","23182.99","2026-09-04 16:43:41.501","2026-09-04"
"204","204","190","IWC Ingenieur Automatic Steel","womens-watches","4","4999.99","19999.96","9.45","18109.96","25591.84","23182.99","2026-09-04 16:43:41.501","2026-09-04"
"205","205","62","Ice Cube Tray","kitchen-accessories","2","5.99","11.98","0.63","11.9","16011.94","14075.86","2026-09-04 16:43:41.501","2026-09-04"
"205","205","113","Generic Motorcycle","motorcycle","4","3999.99","15999.96","12.1","14063.96","16011.94","14075.86","2026-09-04 16:43:41.501","2026-09-04"
"206","206","3","Powder Canister","beauty","2","14.99","29.98","9.84","27.03","229.92","213.26","2026-09-04 16:43:41.501","2026-09-04"
"206","206","141","Basketball Rim","sports-accessories","4","39.99","159.96","7.74","147.58","229.92","213.26","2026-09-04 16:43:41.501","2026-09-04"
"206","206","185","Black & Brown Slipper","womens-shoes","2","19.99","39.98","3.33","38.65","229.92","213.26","2026-09-04 16:43:41.501","2026-09-04"
"207","207","16","Apple","groceries","3","1.99","5.97","12.62","5.22","22719.79","20090.11","2026-09-04 16:43:41.501","2026-09-04"
"207","207","42","Water","groceries","4","0.99","3.96","14.92","3.37","22719.79","20090.11","2026-09-04 16:43:41.501","2026-09-04"
"207","207","117","Sportbike Motorcycle","motorcycle","3","7499.99","22499.97","11.58","19894.47","22719.79","20090.11","2026-09-04 16:43:41.501","2026-09-04"
"207","207","137","American Football","sports-accessories","2","19.99","39.98","4.93","38.01","22719.79","20090.11","2026-09-04 16:43:41.501","2026-09-04"
"207","207","146","Feather Shuttlecock","sports-accessories","5","5.99","29.950000000000003","2.95","29.07","22719.79","20090.11","2026-09-04 16:43:41.501","2026-09-04"
"207","207","164","Gray Dress","tops","4","34.99","139.96","14.28","119.97","22719.79","20090.11","2026-09-04 16:43:41.501","2026-09-04"
"208","208","3","Powder Canister","beauty","3","14.99","44.97","9.84","40.54","304.95","260.12","2026-09-04 16:43:41.501","2026-09-04"
"208","208","100","Apple Airpods","mobile-accessories","2","129.99","259.98","15.54","219.58","304.95","260.12","2026-09-04 16:43:41.501","2026-09-04"
